<?xml version="1.0" encoding="utf-8" standalone="yes" ?>
<T3locallangExt>
	<data type="array">
		<languageKey index="de" type="array">
			<label index="wiz_crMany">Mehrere Seiten erzeugen</label>
			<label index="wiz_W">W!</label>
			<label index="wiz_newPages">Neue Seiten anlegen</label>
			<label index="wiz_newPages_page">Seite</label>
			<label index="wiz_newPages_currentMenu">Neue Seitenstruktur</label>
			<label index="wiz_newPages_errorMsg1">Sie haben nicht die notwendigen Rechte, um dieser Seite neue Unterseiten hinzuzufügen!</label>
			<label index="wiz_newPages_lCreate">Seiten anlegen</label>
			<label index="wiz_newPages_listEnd">Neue Seiten nach existierenden Unterseiten anlegen</label>
			<label index="wiz_newPages_hidePages">Neue Seiten verbergen</label>
			<label index="wiz_newPages_lCreate_msg1">Es wird eine größere Anzahl neuer Seiten erstellt. Den Vorgang fortsetzen?</label>
			<label index="wiz_newPages_lReset">Felder zurücksetzen</label>
			<label index="wiz_newPages_noCreate">Es wurden keine Seiten erzeugt!</label>
			<label index="wiz_newPages_create">Die Seiten wurden erzeugt!</label>
			<label index="wiz_newPages_helpText">Hier können Sie automatisiert neue, leere Seiten anlegen. Dies ist sehr nützlich, wenn Sie schnell die Seitenstruktur einer neuen Webseite oder eines neuen Bereiches anlegen möchten.&lt;br /&gt;Füllen Sie einfach die Eingabefelder mit den jeweiligen Seitentiteln. Nur für ausgefüllte Felder wird eine neue Seite angelegt.</label>
		</languageKey>
	</data>
	<orig_hash type="array">
		<languageKey index="de" type="array">
			<label index="wiz_crMany" type="integer">69436019</label>
			<label index="wiz_W" type="integer">247242126</label>
			<label index="wiz_newPages" type="integer">203564147</label>
			<label index="wiz_newPages_page" type="integer">26464201</label>
			<label index="wiz_newPages_currentMenu" type="integer">1353175</label>
			<label index="wiz_newPages_helpText" type="integer">257879061</label>
			<label index="wiz_newPages_errorMsg1" type="integer">252016009</label>
			<label index="wiz_newPages_lCreate" type="integer">246594352</label>
			<label index="wiz_newPages_listEnd" type="integer">58585614</label>
			<label index="wiz_newPages_hidePages" type="integer">71614542</label>
			<label index="wiz_newPages_lCreate_msg1" type="integer">197760570</label>
			<label index="wiz_newPages_lReset" type="integer">3106134</label>
			<label index="wiz_newPages_noCreate" type="integer">235198100</label>
			<label index="wiz_newPages_create" type="integer">123062699</label>
		</languageKey>
	</orig_hash>
	<orig_text type="array">
		<languageKey index="de" type="array">
			<label index="wiz_crMany">Create multiple pages</label>
			<label index="wiz_W">W!</label>
			<label index="wiz_newPages">Create new pages</label>
			<label index="wiz_newPages_page">Page</label>
			<label index="wiz_newPages_currentMenu">New page structure</label>
			<label index="wiz_newPages_errorMsg1">You are not allowed to create new subpages to this page!</label>
			<label index="wiz_newPages_lCreate">Create pages</label>
			<label index="wiz_newPages_listEnd">Place new pages after the existing subpages</label>
			<label index="wiz_newPages_hidePages">Hide new pages</label>
			<label index="wiz_newPages_lCreate_msg1">You're about to create many new pages. Are you sure you want to continue?</label>
			<label index="wiz_newPages_lReset">Clear fields</label>
			<label index="wiz_newPages_noCreate">No pages were created!</label>
			<label index="wiz_newPages_create">The pages were created!</label>
		</languageKey>
	</orig_text>
</T3locallangExt>