<?xml version="1.0" encoding="utf-8" standalone="yes" ?>
<T3locallangExt>
	<data type="array">
		<languageKey index="de" type="array">
			<label index="No font">Keine Schriftart</label>
			<label index="No size">Keine Schriftgröße</label>
			<label index="Default font">Standardschrift</label>
			<label index="Default size">Standardgröße</label>
			<label index="Extra small">Extrem klein</label>
			<label index="Very small">Sehr klein</label>
			<label index="Small">Klein</label>
			<label index="Medium">Mittel</label>
			<label index="Large">Groß</label>
			<label index="Very large">Sehr groß</label>
			<label index="Extra large">Extrem groß</label>
			<label index="Arial">Arial</label>
			<label index="Arial Black">Arial Black</label>
			<label index="Verdana">Verdana</label>
			<label index="Times New Roman">Times New Roman</label>
			<label index="Garamond">Garamond</label>
			<label index="Lucida Handwriting">Lucida Handwriting</label>
			<label index="Courier">Courier</label>
			<label index="Webdings">Webdings</label>
			<label index="Wingdings">Wingdings</label>
		</languageKey>
	</data>
	<orig_hash type="array">
		<languageKey index="de" type="array">
			<label index="No font" type="integer">69479293</label>
			<label index="No size" type="integer">259700094</label>
			<label index="Default font" type="integer">78514841</label>
			<label index="Default size" type="integer">191128688</label>
			<label index="Extra small" type="integer">80201131</label>
			<label index="Very small" type="integer">9865690</label>
			<label index="Small" type="integer">40239204</label>
			<label index="Medium" type="integer">142576234</label>
			<label index="Large" type="integer">61250356</label>
			<label index="Very large" type="integer">83520107</label>
			<label index="Extra large" type="integer">242040861</label>
			<label index="Arial" type="integer">117168698</label>
			<label index="Arial Black" type="integer">155876281</label>
			<label index="Verdana" type="integer">34063137</label>
			<label index="Times New Roman" type="integer">143656742</label>
			<label index="Garamond" type="integer">157972594</label>
			<label index="Lucida Handwriting" type="integer">178708856</label>
			<label index="Courier" type="integer">84237594</label>
			<label index="Webdings" type="integer">133572994</label>
			<label index="Wingdings" type="integer">255551261</label>
		</languageKey>
	</orig_hash>
	<orig_text type="array">
		<languageKey index="de" type="array">
			<label index="No font">No font</label>
			<label index="No size">No font size</label>
			<label index="Default font">Default font</label>
			<label index="Default size">Default size</label>
			<label index="Extra small">Extra small</label>
			<label index="Very small">Very small</label>
			<label index="Small">Small</label>
			<label index="Medium">Medium</label>
			<label index="Large">Large</label>
			<label index="Very large">Very large</label>
			<label index="Extra large">Extra large</label>
			<label index="Arial">Arial</label>
			<label index="Arial Black">Arial Black</label>
			<label index="Verdana">Verdana</label>
			<label index="Times New Roman">Times New Roman</label>
			<label index="Garamond">Garamond</label>
			<label index="Lucida Handwriting">Lucida Handwriting</label>
			<label index="Courier">Courier</label>
			<label index="Webdings">Webdings</label>
			<label index="Wingdings">Wingdings</label>
		</languageKey>
	</orig_text>
</T3locallangExt>