<?xml version="1.0" encoding="utf-8" standalone="yes" ?>
<T3locallangExt>
	<data type="array">
		<languageKey index="de" type="array">
			<label index="delete">Löschen:</label>
			<label index="toTop">Nach oben:</label>
			<label index="fileChanged">Datei geändert</label>
			<label index="resourceUpdated">Ressource '%s' wurde aktualisiert.</label>
			<label index="templateInformation">Template-Informationen:</label>
			<label index="title">Titel:</label>
			<label index="sitetitle">Seitentitel:</label>
			<label index="description">Beschreibung:</label>
			<label index="allowedExtensions">Erlaubte Erweiterungen:</label>
			<label index="maxFilesize">Maximale Dateigröße:</label>
			<label index="uploadResource">Ressource hochladen:</label>
			<label index="newTextResource">Neue Textressource (geben Sie einen Namen an):</label>
			<label index="copyResource">Kopie der Ressource erstellen:</label>
			<label index="updateResourceList">Ressourcenliste aktualisieren:</label>
			<label index="constants">Konstanten:</label>
			<label index="file">Datei:</label>
			<label index="editResource">Ressource bearbeiten:</label>
			<label index="filesizeExceeded">Dateigröße überschreitet %s KB</label>
			<label index="notAllowed">Dateien größer als %s KB können nicht bearbeitet werden.</label>
			<label index="setup">Setup:</label>
			<label index="resources">Ressourcen:</label>
			<label index="editToView">(bearbeiten um anzuzeigen, %s Zeilen)</label>
			<label index="editTemplateRecord">Vollständigen Template-Datensatz bearbeiten</label>
		</languageKey>
	</data>
	<orig_hash type="array">
		<languageKey index="de" type="array">
			<label index="delete" type="integer">103746960</label>
			<label index="toTop" type="integer">49403557</label>
			<label index="fileChanged" type="integer">173145144</label>
			<label index="resourceUpdated" type="integer">63071685</label>
			<label index="templateInformation" type="integer">15918843</label>
			<label index="title" type="integer">85903807</label>
			<label index="sitetitle" type="integer">164396932</label>
			<label index="description" type="integer">218120871</label>
			<label index="allowedExtensions" type="integer">207893225</label>
			<label index="maxFilesize" type="integer">142460622</label>
			<label index="uploadResource" type="integer">107880768</label>
			<label index="newTextResource" type="integer">78792142</label>
			<label index="copyResource" type="integer">48143503</label>
			<label index="updateResourceList" type="integer">20081183</label>
			<label index="constants" type="integer">9435897</label>
			<label index="file" type="integer">182590850</label>
			<label index="editResource" type="integer">178494392</label>
			<label index="filesizeExceeded" type="integer">235001786</label>
			<label index="notAllowed" type="integer">15265481</label>
			<label index="setup" type="integer">99513535</label>
			<label index="resources" type="integer">164459359</label>
			<label index="editToView" type="integer">181193124</label>
			<label index="editTemplateRecord" type="integer">144315995</label>
		</languageKey>
	</orig_hash>
	<orig_text type="array">
		<languageKey index="de" type="array">
			<label index="delete">Delete:</label>
			<label index="toTop">To top:</label>
			<label index="fileChanged">File changed</label>
			<label index="resourceUpdated">Resource '%s' has been updated.</label>
			<label index="templateInformation">Template information:</label>
			<label index="title">Title:</label>
			<label index="sitetitle">Sitetitle:</label>
			<label index="description">Description:</label>
			<label index="allowedExtensions">Allowed extensions:</label>
			<label index="maxFilesize">Max filesize:</label>
			<label index="uploadResource">Upload resource:</label>
			<label index="newTextResource">New text resource (enter name):</label>
			<label index="copyResource">Make a copy of resource:</label>
			<label index="updateResourceList">Update resource list:</label>
			<label index="constants">Constants:</label>
			<label index="file">File:</label>
			<label index="editResource">Edit Resource:</label>
			<label index="filesizeExceeded">Filesize exceeded %s KBytes</label>
			<label index="notAllowed">Files larger than %s KBytes are not allowed to be edited.</label>
			<label index="setup">Setup:</label>
			<label index="resources">Resources:</label>
			<label index="editToView">(edit to view, %s lines)</label>
			<label index="editTemplateRecord">Edit the whole template record</label>
		</languageKey>
	</orig_text>
</T3locallangExt>