<?xml version="1.0" encoding="utf-8" standalone="yes" ?>
<T3locallangExt>
	<data type="array">
		<languageKey index="de" type="array">
			<label index="CType_formlabel">Typ</label>
			<label index="CType.I.0">Überschrift</label>
			<label index="CType.I.1">Text</label>
			<label index="CType.I.2">Text und Bilder</label>
			<label index="CType.I.3">Bilder</label>
			<label index="CType.I.4">Aufzählung</label>
			<label index="CType.I.5">Tabelle</label>
			<label index="CType.I.6">Dateiverweise</label>
			<label index="CType.I.7">Multimedia</label>
			<label index="CType.I.8">Formular</label>
			<label index="CType.I.9">Suchen</label>
			<label index="CType.I.10">Anmeldung</label>
			<label index="CType.I.11">Textfeld</label>
			<label index="CType.I.12">Menü/Sitemap</label>
			<label index="CType.I.13">Datensatz einfügen</label>
			<label index="CType.I.14">Plug-In einfügen</label>
			<label index="CType.I.15">Skript</label>
			<label index="CType.I.16">Trenner</label>
			<label index="CType.I.17">HTML</label>
			<label index="CType.I.18">Medien</label>
			<label index="CType.div.standard">Standard</label>
			<label index="CType.div.lists">Listen</label>
			<label index="CType.div.forms">Formulare</label>
			<label index="CType.div.special">Spezial</label>
			<label index="layout.I.1">Layout 1</label>
			<label index="layout.I.2">Layout 2</label>
			<label index="layout.I.3">Layout 3</label>
			<label index="colPos">Spalten:</label>
			<label index="colPos_formlabel">Spalte</label>
			<label index="colPos.I.0">Links</label>
			<label index="colPos.I.2">Rechts</label>
			<label index="colPos.I.3">Rand</label>
			<label index="date">Datum:</label>
			<label index="date_formlabel">Datum</label>
			<label index="header">Überschrift:</label>
			<label index="header_formlabel">Hauptüberschrift</label>
			<label index="header_position">Ausrichtung:</label>
			<label index="header_position_formlabel">Ausrichtung</label>
			<label index="header_position.I.1">Mitte</label>
			<label index="header_position.I.2">Rechts</label>
			<label index="header_position.I.3">Links</label>
			<label index="header_link">Verweis:</label>
			<label index="header_link_formlabel">Verweis</label>
			<label index="header_layout_formlabel">Typ</label>
			<label index="header_layout.I.1">Layout 1</label>
			<label index="header_layout.I.2">Layout 2</label>
			<label index="header_layout.I.3">Layout 3</label>
			<label index="header_layout.I.4">Layout 4</label>
			<label index="header_layout.I.5">Layout 5</label>
			<label index="header_layout.I.6">Verborgen</label>
			<label index="text_align">Ausrichtung:</label>
			<label index="text_align_formlabel">Textausrichtung</label>
			<label index="text_align.I.1">Mitte</label>
			<label index="text_align.I.2">Rechts</label>
			<label index="text_align.I.3">Links</label>
			<label index="text_face">Schrift:</label>
			<label index="text_face_formlabel">Schriftart</label>
			<label index="text_size">Größe:</label>
			<label index="text_size_formlabel">Schriftgröße</label>
			<label index="text_size.I.1">1: Klein</label>
			<label index="text_size.I.2">2: Mittel</label>
			<label index="text_size.I.3">3: Groß</label>
			<label index="text_size.I.4">4: Überschrift 1</label>
			<label index="text_size.I.5">5: Überschrift 2</label>
			<label index="text_size.I.6">Standard +1</label>
			<label index="text_size.I.7">Standard -1</label>
			<label index="text_color">Farbe:</label>
			<label index="text_color_formlabel">Textfarbe</label>
			<label index="text_color.I.1">Farbe 1</label>
			<label index="text_color.I.2">Farbe 2</label>
			<label index="text_color.I.3">Keine</label>
			<label index="text_color.I.5">Schwarz</label>
			<label index="text_color.I.6">Weiß</label>
			<label index="text_color.I.7">Dunkelgrau</label>
			<label index="text_color.I.8">Grau</label>
			<label index="text_color.I.9">Silber</label>
			<label index="text_color.I.10">Rot</label>
			<label index="text_color.I.11">Marineblau</label>
			<label index="text_color.I.12">Gelb</label>
			<label index="text_color.I.13">Grün</label>
			<label index="text_color.I.14">Olivgrün</label>
			<label index="text_color.I.15">Rotbraun</label>
			<label index="text_properties">Attribute:</label>
			<label index="text_properties_formlabel">Textdekoration</label>
			<label index="text_properties.I.0">Fett</label>
			<label index="text_properties.I.1">Kursiv</label>
			<label index="text_properties.I.2">Unterstrichen</label>
			<label index="text_properties.I.3">Großbuchstaben</label>
			<label index="bodytext.W.RTE">Rich-Text-Eingabe im Vollbild</label>
			<label index="imagewidth">Breite (Pixel):</label>
			<label index="imageheight">Höhe (Pixel):</label>
			<label index="imageorient">Position:</label>
			<label index="imageorient.I.0">Oben mittig</label>
			<label index="imageorient.I.1">Oben rechts</label>
			<label index="imageorient.I.2">Oben links</label>
			<label index="imageorient.I.3">Unten mittig</label>
			<label index="imageorient.I.4">Unten rechts</label>
			<label index="imageorient.I.5">Unten links</label>
			<label index="imageorient.I.6">Im Text rechts</label>
			<label index="imageorient.I.7">Im Text links</label>
			<label index="imageorient.I.8">__Kein Umbruch:__</label>
			<label index="imageorient.I.9">Neben dem Text rechts</label>
			<label index="imageorient.I.10">Neben dem Text links</label>
			<label index="imageborder">Rahmen:</label>
			<label index="image_noRows">Keine Reihen:</label>
			<label index="image_link">Verweis:</label>
			<label index="image_zoom">Klick-Vergrößern:</label>
			<label index="image_zoom.I.0">Vergrößern</label>
			<label index="image_effects">Effekte:</label>
			<label index="image_effects.I.0">(kein)</label>
			<label index="image_effects.I.1">Drehen 90 mit Uhr</label>
			<label index="image_effects.I.2">Drehen 90 gegen Uhr</label>
			<label index="image_effects.I.3">Drehen 180</label>
			<label index="image_effects.I.4">Graustufen</label>
			<label index="image_effects.I.5">Schärfen</label>
			<label index="image_effects.I.6">Normalisieren</label>
			<label index="image_effects.I.7">Kontrast</label>
			<label index="image_effects.I.8">Heller</label>
			<label index="image_effects.I.9">Dunkler</label>
			<label index="image_frames">Rahmen:</label>
			<label index="image_frames.I.0">(kein)</label>
			<label index="image_frames.I.1">Rahmen 1</label>
			<label index="image_frames.I.2">Rahmen 2</label>
			<label index="image_frames.I.3">Rahmen 3</label>
			<label index="image_frames.I.4">Rahmen 4</label>
			<label index="image_frames.I.5">Rahmen 5</label>
			<label index="image_frames.I.6">Rahmen 6</label>
			<label index="image_frames.I.7">Rahmen 7</label>
			<label index="image_frames.I.8">Rahmen 8</label>
			<label index="image_compression">Bildqualität/-bearbeitung</label>
			<label index="image_compression.I.1">Keine (ignoriert alle anderen Optionen!)</label>
			<label index="image_compression.I.15">JPG/sehr hoch</label>
			<label index="image_compression.I.16">JPG/hoch</label>
			<label index="image_compression.I.17">JPG/mittel</label>
			<label index="image_compression.I.18">JPG/niedrig</label>
			<label index="image_compression.I.19">JPG/sehr niedrig</label>
			<label index="imagecols">Spalten:</label>
			<label index="imagecaption_position">Ausrichtung:</label>
			<label index="imagecaption_position.I.1">Mitte</label>
			<label index="imagecaption_position.I.2">Rechts</label>
			<label index="imagecaption_position.I.3">Links</label>
			<label index="image_altText">Alternativer Text:</label>
			<label index="image_titleText">Titeltext:</label>
			<label index="image_longdescURL">Langbeschreibung URL:</label>
			<label index="cols">Tabellenspalten:</label>
			<label index="cols.I.0">Auto</label>
			<label index="recursive.I.1">1 Ebene</label>
			<label index="recursive.I.2">2 Ebenen</label>
			<label index="recursive.I.3">3 Ebenen</label>
			<label index="recursive.I.4">4 Ebenen</label>
			<label index="recursive.I.5">Unendlich</label>
			<label index="menu_type">Menütyp:</label>
			<label index="menu_type.I.0">Menü dieser Seiten</label>
			<label index="menu_type.I.1">Menü der Unterseiten</label>
			<label index="menu_type.I.2">Menü der Unterseiten (mit Inhaltsangabe)</label>
			<label index="menu_type.I.3">Menü der Unterseiten (mit Seiteninhalt)</label>
			<label index="menu_type.I.4">Sitemap</label>
			<label index="menu_type.I.5">Abschnittsübersicht (mit Seiteninhalt)</label>
			<label index="menu_type.I.6">Kürzlich aktualisierte Seiten</label>
			<label index="menu_type.I.7">Verwandte Seiten (nach Stichworten)</label>
			<label index="list_type">Plug-In:</label>
			<label index="table_bgColor">Hintergrundfarbe:</label>
			<label index="table_bgColor.I.1">Farbe 1</label>
			<label index="table_bgColor.I.2">Farbe 2</label>
			<label index="table_bgColor.I.3">Keine</label>
			<label index="table_bgColor.I.5">Schwarz</label>
			<label index="table_bgColor.I.6">Weiß</label>
			<label index="table_bgColor.I.7">Dunkelgrau</label>
			<label index="table_bgColor.I.8">Grau</label>
			<label index="table_bgColor.I.9">Silber</label>
			<label index="table_border">Rahmen:</label>
			<label index="table_cellspacing">Zellenabstand:</label>
			<label index="table_cellpadding">Zellenfüllung:</label>
			<label index="media">Dateien:</label>
			<label index="multimedia">Datei:</label>
			<label index="filelink_size">Zeige Dateigröße:</label>
			<label index="records">Objekte:</label>
			<label index="spaceBefore">Abstand davor:</label>
			<label index="spaceBefore_formlabel">Oberer Abstand</label>
			<label index="spaceAfter">Abstand danach:</label>
			<label index="spaceAfter_formlabel">Unterer Abstand</label>
			<label index="section_frame">Rahmen:</label>
			<label index="section_frame_formlabel">Einrückungen und Rahmen</label>
			<label index="section_frame.I.1">Unsichtbar</label>
			<label index="section_frame.I.2">Linie davor</label>
			<label index="section_frame.I.3">Linie danach</label>
			<label index="section_frame.I.4">Einrücken</label>
			<label index="section_frame.I.5">Einrücken, 33/66%</label>
			<label index="section_frame.I.6">Einrücken, 66/33%</label>
			<label index="section_frame.I.7">Rahmen 1</label>
			<label index="section_frame.I.8">Rahmen 2</label>
			<label index="splash_layout">Textfeldtyp:</label>
			<label index="splash_layout.I.1">Schatten</label>
			<label index="splash_layout.I.2">Bildrahmen 1</label>
			<label index="splash_layout.I.3">Bildrahmen 2</label>
			<label index="splash_layout.I.4">__Grafisch:__</label>
			<label index="splash_layout.I.5">Merkzettel 1</label>
			<label index="sectionIndex">Index:</label>
			<label index="sectionIndex_formlabel">In Menüs</label>
			<label index="sectionIndex.I.0">Sichtbar</label>
			<label index="linkToTop">Link zum Seitenanfang einfügen:</label>
			<label index="linkToTop_formlabel">Link zum Seitenanfang</label>
			<label index="linkToTop.I.0">Aktivieren</label>
			<label index="rte_enabled">Rich-Text-Editor abschalten:</label>
			<label index="rte_enabled_formlabel">Rich-Text-Editor für diesen Text</label>
			<label index="rte_enabled.I.0">Deaktivieren</label>
			<label index="pi_flexform">Erweiterungsoptionen:</label>
			<label index="ALT.imgOptions">Bildoptionen</label>
			<label index="ALT.imgLinks">Bild-Links</label>
			<label index="ALT.imgDimensions">Bildmaße</label>
			<label index="select_key.ALT.uploads">Dateipfad:</label>
			<label index="imagecaption.ALT.uploads">Beschreibungen:</label>
			<label index="imagecaption.ALT.script">Kommentar:</label>
			<label index="bodytext.ALT.mailform">Konfiguration:</label>
			<label index="pages.ALT.mailform">Zielseite:</label>
			<label index="subheader.ALT.mailform">Empfänger-E-Mail-Adresse:</label>
			<label index="pages.ALT.search">Zielseite:</label>
			<label index="pages.ALT.login">Zielseite:</label>
			<label index="bodytext.ALT.html">HTML:</label>
			<label index="tabs.text">Text</label>
			<label index="tabs.media">Medien</label>
			<label index="tabs.plugin">Plug-In</label>
			<label index="media.options">Medienoptionen</label>
			<label index="media.url">relativer Pfad der Mediendatei oder URL</label>
			<label index="media.browseUrlTitle">Datei oder URL auswählen</label>
			<label index="media.width">Breite Medium</label>
			<label index="media.height">Höhe Medium</label>
			<label index="media.forcePlayer">Spieler benutzen (nur für Shockwave Flash)</label>
			<label index="media.type">Medientyp</label>
			<label index="media.type.video">Video</label>
			<label index="media.type.audio">Audio</label>
			<label index="media.renderType">Darstellungstyp</label>
			<label index="media.renderType.auto">Auto</label>
			<label index="media.renderType.swf">Browser-Plug-In für Shockwave Flash</label>
			<label index="media.renderType.qt">Browser-Plug-In für QuickTime</label>
			<label index="media.renderType.embed">HTML-Embed-Element</label>
			<label index="media.additionalOptions">Zusätzliche Parameter</label>
			<label index="media.params">Mediumparameter</label>
			<label index="media.params.option">Option</label>
			<label index="media.params.setTo">Festlegen auf</label>
			<label index="media.params.on">An</label>
			<label index="media.params.off">Aus</label>
			<label index="media.params.valueEntry">Werteingabe</label>
			<label index="media.params.value">Wert</label>
			<label index="media.params.autoPlay">AutoPlay</label>
			<label index="media.params.loop">Wiederholen</label>
			<label index="media.params.quality">Qualität</label>
			<label index="media.params.preview">Videovorschau</label>
			<label index="media.params.bgColor">Hintergrundfarbe</label>
			<label index="media.params.allowScriptAccess">ScriptAccess erlauben</label>
			<label index="media.params.allowFullScreen">Vollbildschirm erlauben</label>
			<label index="media.alternativeContent">Alternativer Inhalt</label>
			<label index="media.params.customEntry">Benutzerdefinierte Parameter</label>
			<label index="media.params.customEntryLabel">Flashvariablen, -parameter oder -attribute eingeben</label>
			<label index="media.noFile">FEHLER: URL oder Datei fehlt!</label>
			<label index="sys_language_uid_formlabel">Sprache</label>
			<label index="hidden_formlabel">Inhaltselement</label>
			<label index="hidden.I.0">Deaktivieren</label>
			<label index="starttime_formlabel">Veröffentlichungszeitpunkt</label>
			<label index="endtime_formlabel">Ablaufzeitpunkt</label>
			<label index="fe_group_formlabel">Benutzergruppen und allgemeine Reaktionen auf Logins</label>
			<label index="layout_formlabel">Frontend-Varianten</label>
			<label index="bodytext_formlabel">Text</label>
			<label index="palette.general">Inhaltselement</label>
			<label index="palette.headers">Überschriften</label>
			<label index="palette.header">Überschrift</label>
			<label index="palette.visibility">Allgemeine Sichtbarkeit</label>
			<label index="palette.access">Zugriffszeiten und -rechte</label>
			<label index="palette.frames">Allgemeines Layout</label>
			<label index="palette.textlayout">Textlayout</label>
			<label index="tabs.access">Zugriff</label>
			<label index="tabs.appearance">Erscheinungsbild</label>
			<label index="tabs.behaviour">Verhalten</label>
			<label index="tabs.script">Skript</label>
			<label index="tabs.images">Bilder</label>
		</languageKey>
	</data>
	<orig_hash type="array">
		<languageKey index="de" type="array">
			<label index="CType.I.0" type="integer">200609118</label>
			<label index="CType.I.1" type="integer">165673974</label>
			<label index="CType.I.2" type="integer">62582812</label>
			<label index="CType.I.3" type="integer">268373344</label>
			<label index="CType.I.4" type="integer">88917113</label>
			<label index="CType.I.5" type="integer">85738935</label>
			<label index="CType.I.6" type="integer">23062602</label>
			<label index="CType.I.7" type="integer">49638223</label>
			<label index="CType.I.8" type="integer">221617261</label>
			<label index="CType.I.9" type="integer">20138052</label>
			<label index="CType.I.10" type="integer">161344120</label>
			<label index="CType.I.11" type="integer">216714131</label>
			<label index="CType.I.12" type="integer">20752218</label>
			<label index="CType.I.13" type="integer">217553606</label>
			<label index="CType.I.14" type="integer">62859843</label>
			<label index="CType.I.15" type="integer">261127781</label>
			<label index="CType.I.16" type="integer">43024464</label>
			<label index="CType.I.17" type="integer">79998303</label>
			<label index="layout.I.1" type="integer">186159068</label>
			<label index="layout.I.2" type="integer">144093188</label>
			<label index="layout.I.3" type="integer">85298801</label>
			<label index="colPos" type="integer">43343597</label>
			<label index="colPos.I.0" type="integer">155571682</label>
			<label index="colPos.I.2" type="integer">153815495</label>
			<label index="colPos.I.3" type="double">7361862</label>
			<label index="date" type="double">14210432</label>
			<label index="header" type="double">9618284</label>
			<label index="header_position" type="integer">22565275</label>
			<label index="header_position.I.1" type="integer">82966017</label>
			<label index="header_position.I.2" type="integer">153815495</label>
			<label index="header_position.I.3" type="integer">155571682</label>
			<label index="header_link" type="integer">250803615</label>
			<label index="header_layout.I.1" type="integer">186159068</label>
			<label index="header_layout.I.2" type="integer">144093188</label>
			<label index="header_layout.I.3" type="integer">85298801</label>
			<label index="header_layout.I.4" type="integer">95470957</label>
			<label index="header_layout.I.5" type="integer">76882202</label>
			<label index="header_layout.I.6" type="integer">128769925</label>
			<label index="text_align" type="integer">22565275</label>
			<label index="text_align.I.1" type="integer">82966017</label>
			<label index="text_align.I.2" type="integer">153815495</label>
			<label index="text_align.I.3" type="integer">155571682</label>
			<label index="text_face" type="integer">107327980</label>
			<label index="text_size" type="integer">183911828</label>
			<label index="text_size.I.1" type="integer">207257027</label>
			<label index="text_size.I.2" type="double">14007055</label>
			<label index="text_size.I.3" type="integer">142680558</label>
			<label index="text_size.I.4" type="integer">171265423</label>
			<label index="text_size.I.5" type="integer">224048943</label>
			<label index="text_size.I.6" type="integer">170463143</label>
			<label index="text_size.I.7" type="integer">39280322</label>
			<label index="text_color" type="integer">263561448</label>
			<label index="text_color.I.1" type="integer">197399456</label>
			<label index="text_color.I.2" type="integer">92700243</label>
			<label index="text_color.I.3" type="integer">112064895</label>
			<label index="text_color.I.5" type="integer">244375480</label>
			<label index="text_color.I.6" type="integer">39485808</label>
			<label index="text_color.I.7" type="integer">69376808</label>
			<label index="text_color.I.8" type="integer">160738845</label>
			<label index="text_color.I.9" type="integer">261546821</label>
			<label index="text_color.I.10" type="integer">249794125</label>
			<label index="text_color.I.11" type="integer">206346802</label>
			<label index="text_color.I.12" type="integer">85880025</label>
			<label index="text_color.I.13" type="integer">221784086</label>
			<label index="text_color.I.14" type="integer">45659012</label>
			<label index="text_color.I.15" type="integer">227015290</label>
			<label index="text_properties" type="integer">262778215</label>
			<label index="text_properties.I.0" type="integer">18137861</label>
			<label index="text_properties.I.1" type="integer">194723639</label>
			<label index="text_properties.I.2" type="integer">139620890</label>
			<label index="text_properties.I.3" type="integer">102885304</label>
			<label index="bodytext.W.RTE" type="integer">223346550</label>
			<label index="imagewidth" type="integer">104072789</label>
			<label index="imageheight" type="integer">175719416</label>
			<label index="imageorient" type="integer">247557776</label>
			<label index="imageorient.I.0" type="integer">180880328</label>
			<label index="imageorient.I.1" type="integer">63627043</label>
			<label index="imageorient.I.2" type="double">11587399</label>
			<label index="imageorient.I.3" type="integer">99341821</label>
			<label index="imageorient.I.4" type="integer">73933822</label>
			<label index="imageorient.I.5" type="integer">230641044</label>
			<label index="imageorient.I.6" type="integer">68014666</label>
			<label index="imageorient.I.7" type="integer">183617479</label>
			<label index="imageorient.I.8" type="integer">162649505</label>
			<label index="imageorient.I.9" type="integer">157586186</label>
			<label index="imageorient.I.10" type="integer">187048509</label>
			<label index="imageborder" type="integer">226841890</label>
			<label index="image_noRows" type="integer">147285854</label>
			<label index="image_link" type="integer">250803615</label>
			<label index="image_zoom" type="integer">234954809</label>
			<label index="image_effects" type="integer">70127431</label>
			<label index="image_effects.I.0" type="integer">260530758</label>
			<label index="image_effects.I.1" type="integer">154460239</label>
			<label index="image_effects.I.2" type="integer">50831993</label>
			<label index="image_effects.I.3" type="integer">117450906</label>
			<label index="image_effects.I.4" type="integer">222259573</label>
			<label index="image_effects.I.5" type="integer">89569123</label>
			<label index="image_effects.I.6" type="integer">230325028</label>
			<label index="image_effects.I.7" type="integer">207875281</label>
			<label index="image_effects.I.8" type="integer">166320363</label>
			<label index="image_effects.I.9" type="integer">35989143</label>
			<label index="image_frames" type="integer">229165132</label>
			<label index="image_frames.I.0" type="integer">260530758</label>
			<label index="image_frames.I.1" type="integer">200590038</label>
			<label index="image_frames.I.2" type="integer">194375053</label>
			<label index="image_frames.I.3" type="integer">72819606</label>
			<label index="image_frames.I.4" type="integer">184906390</label>
			<label index="image_frames.I.5" type="integer">134232842</label>
			<label index="image_frames.I.6" type="integer">71651758</label>
			<label index="image_frames.I.7" type="double">16295765</label>
			<label index="image_frames.I.8" type="integer">221268484</label>
			<label index="image_compression" type="integer">101621456</label>
			<label index="image_compression.I.1" type="integer">70537882</label>
			<label index="image_compression.I.15" type="integer">237760472</label>
			<label index="image_compression.I.16" type="integer">100158582</label>
			<label index="image_compression.I.17" type="integer">267487914</label>
			<label index="image_compression.I.18" type="integer">185427776</label>
			<label index="image_compression.I.19" type="integer">116364772</label>
			<label index="imagecols" type="integer">43343597</label>
			<label index="imagecaption_position" type="integer">22565275</label>
			<label index="imagecaption_position.I.1" type="integer">82966017</label>
			<label index="imagecaption_position.I.2" type="integer">153815495</label>
			<label index="imagecaption_position.I.3" type="integer">155571682</label>
			<label index="cols" type="integer">19992958</label>
			<label index="cols.I.0" type="double">7049857</label>
			<label index="recursive.I.1" type="integer">200641290</label>
			<label index="recursive.I.2" type="integer">228799796</label>
			<label index="recursive.I.3" type="integer">195275893</label>
			<label index="recursive.I.4" type="integer">97262614</label>
			<label index="recursive.I.5" type="integer">185655876</label>
			<label index="menu_type" type="integer">196738597</label>
			<label index="menu_type.I.0" type="double">6002206</label>
			<label index="menu_type.I.1" type="integer">210982296</label>
			<label index="menu_type.I.2" type="integer">90643884</label>
			<label index="menu_type.I.3" type="integer">85514641</label>
			<label index="menu_type.I.4" type="integer">92355808</label>
			<label index="menu_type.I.5" type="integer">32737031</label>
			<label index="menu_type.I.6" type="integer">254334231</label>
			<label index="menu_type.I.7" type="integer">28327610</label>
			<label index="list_type" type="integer">81771247</label>
			<label index="table_bgColor" type="integer">201224463</label>
			<label index="table_bgColor.I.1" type="integer">197399456</label>
			<label index="table_bgColor.I.2" type="integer">92700243</label>
			<label index="table_bgColor.I.3" type="integer">112064895</label>
			<label index="table_bgColor.I.5" type="integer">244375480</label>
			<label index="table_bgColor.I.6" type="integer">39485808</label>
			<label index="table_bgColor.I.7" type="integer">69376808</label>
			<label index="table_bgColor.I.8" type="integer">160738845</label>
			<label index="table_bgColor.I.9" type="integer">261546821</label>
			<label index="table_border" type="integer">226841890</label>
			<label index="table_cellspacing" type="integer">179062000</label>
			<label index="table_cellpadding" type="integer">52213786</label>
			<label index="media" type="integer">147226768</label>
			<label index="multimedia" type="integer">182590850</label>
			<label index="filelink_size" type="integer">208718343</label>
			<label index="records" type="integer">257467321</label>
			<label index="spaceBefore" type="double">5347956</label>
			<label index="spaceAfter" type="integer">266069584</label>
			<label index="section_frame" type="integer">198032235</label>
			<label index="section_frame.I.1" type="integer">146594371</label>
			<label index="section_frame.I.2" type="integer">262953086</label>
			<label index="section_frame.I.3" type="integer">22752652</label>
			<label index="section_frame.I.4" type="integer">77022990</label>
			<label index="section_frame.I.5" type="integer">154022512</label>
			<label index="section_frame.I.6" type="integer">228516194</label>
			<label index="section_frame.I.7" type="integer">200590038</label>
			<label index="section_frame.I.8" type="integer">194375053</label>
			<label index="splash_layout" type="integer">266899885</label>
			<label index="splash_layout.I.1" type="integer">112630223</label>
			<label index="splash_layout.I.2" type="integer">220366553</label>
			<label index="splash_layout.I.3" type="integer">29093773</label>
			<label index="splash_layout.I.4" type="integer">108189181</label>
			<label index="splash_layout.I.5" type="integer">113478725</label>
			<label index="sectionIndex" type="integer">98236195</label>
			<label index="linkToTop" type="integer">49403557</label>
			<label index="rte_enabled" type="integer">146298503</label>
			<label index="pi_flexform" type="integer">102839590</label>
			<label index="ALT.imgOptions" type="integer">96225140</label>
			<label index="ALT.imgLinks" type="integer">152064470</label>
			<label index="select_key.ALT.uploads" type="integer">38295134</label>
			<label index="imagecaption.ALT.uploads" type="integer">54904419</label>
			<label index="imagecaption.ALT.script" type="integer">202678474</label>
			<label index="bodytext.ALT.mailform" type="integer">69003025</label>
			<label index="pages.ALT.mailform" type="integer">254779920</label>
			<label index="subheader.ALT.mailform" type="integer">247102829</label>
			<label index="pages.ALT.search" type="integer">76240327</label>
			<label index="pages.ALT.login" type="integer">76240327</label>
			<label index="bodytext.ALT.html" type="integer">166461268</label>
			<label index="image_altText" type="integer">207947279</label>
			<label index="image_titleText" type="integer">100791275</label>
			<label index="image_longdescURL" type="integer">54277961</label>
			<label index="CType.div.standard" type="integer">246864046</label>
			<label index="CType.div.lists" type="integer">110219654</label>
			<label index="CType.div.forms" type="integer">105185858</label>
			<label index="CType.div.special" type="integer">189541205</label>
			<label index="ALT.imgDimensions" type="integer">149573147</label>
			<label index="tabs.text" type="integer">165673974</label>
			<label index="tabs.media" type="integer">62219090</label>
			<label index="tabs.plugin" type="integer">67748233</label>
			<label index="CType.I.18" type="integer">62219090</label>
			<label index="media.options" type="integer">53075372</label>
			<label index="media.url" type="integer">220915753</label>
			<label index="media.browseUrlTitle" type="integer">145987152</label>
			<label index="media.width" type="integer">24471774</label>
			<label index="media.height" type="integer">256783237</label>
			<label index="media.forcePlayer" type="integer">93250984</label>
			<label index="media.type" type="integer">97132955</label>
			<label index="media.type.video" type="integer">55455001</label>
			<label index="media.type.audio" type="integer">186839105</label>
			<label index="media.renderType" type="integer">30970361</label>
			<label index="media.renderType.auto" type="integer">7049857</label>
			<label index="media.renderType.swf" type="integer">196078762</label>
			<label index="media.renderType.qt" type="integer">54006817</label>
			<label index="media.renderType.embed" type="integer">169379994</label>
			<label index="media.additionalOptions" type="integer">218973699</label>
			<label index="media.params" type="integer">190965998</label>
			<label index="media.params.option" type="integer">5551347</label>
			<label index="media.params.setTo" type="integer">175332732</label>
			<label index="media.params.on" type="integer">86098794</label>
			<label index="media.params.off" type="integer">219492445</label>
			<label index="media.params.valueEntry" type="integer">33173019</label>
			<label index="media.params.value" type="integer">109649956</label>
			<label index="media.params.autoPlay" type="integer">196949710</label>
			<label index="media.params.loop" type="integer">144538384</label>
			<label index="media.params.quality" type="integer">91294027</label>
			<label index="media.params.preview" type="integer">101024324</label>
			<label index="media.params.bgColor" type="integer">123630626</label>
			<label index="media.params.allowScriptAccess" type="integer">130691636</label>
			<label index="media.params.allowFullScreen" type="integer">196506775</label>
			<label index="media.alternativeContent" type="integer">200018716</label>
			<label index="media.params.customEntry" type="integer">69370446</label>
			<label index="media.params.customEntryLabel" type="integer">212779626</label>
			<label index="media.noFile" type="integer">38557680</label>
			<label index="colPos_formlabel" type="integer">26701183</label>
			<label index="date_formlabel" type="integer">71780721</label>
			<label index="header_position_formlabel" type="integer">174289006</label>
			<label index="header_link_formlabel" type="integer">159284378</label>
			<label index="text_align_formlabel" type="integer">200720102</label>
			<label index="text_face_formlabel" type="integer">101025355</label>
			<label index="text_size_formlabel" type="integer">25547366</label>
			<label index="text_color_formlabel" type="integer">99684782</label>
			<label index="image_zoom.I.0" type="integer">266356575</label>
			<label index="linkToTop_formlabel" type="integer">866913</label>
			<label index="linkToTop.I.0" type="integer">169031290</label>
			<label index="rte_enabled_formlabel" type="integer">125120899</label>
			<label index="rte_enabled.I.0" type="integer">198159566</label>
			<label index="sys_language_uid_formlabel" type="integer">77154959</label>
			<label index="hidden.I.0" type="integer">198159566</label>
			<label index="bodytext_formlabel" type="integer">165673974</label>
			<label index="palette.general" type="integer">233726803</label>
			<label index="palette.headers" type="integer">26915724</label>
			<label index="palette.header" type="integer">207972583</label>
			<label index="tabs.script" type="integer">261127781</label>
			<label index="tabs.images" type="integer">268373344</label>
			<label index="tabs.access" type="integer">200750040</label>
			<label index="header_formlabel" type="integer">222720468</label>
			<label index="palette.visibility" type="integer">171483555</label>
			<label index="CType_formlabel" type="integer">169845367</label>
			<label index="header_layout_formlabel" type="integer">169845367</label>
			<label index="sectionIndex.I.0" type="integer">247614840</label>
			<label index="hidden_formlabel" type="integer">59687434</label>
			<label index="fe_group_formlabel" type="integer">134883510</label>
			<label index="layout_formlabel" type="integer">171015397</label>
			<label index="palette.access" type="integer">228191362</label>
			<label index="palette.frames" type="integer">143071256</label>
			<label index="tabs.appearance" type="integer">169629929</label>
			<label index="tabs.behaviour" type="integer">32537341</label>
			<label index="starttime_formlabel" type="integer">162714248</label>
			<label index="endtime_formlabel" type="integer">146876317</label>
			<label index="section_frame_formlabel" type="integer">38824728</label>
			<label index="palette.textlayout" type="integer">244916147</label>
			<label index="text_properties_formlabel" type="integer">33301890</label>
			<label index="spaceBefore_formlabel" type="integer">127692100</label>
			<label index="spaceAfter_formlabel" type="integer">101959944</label>
			<label index="sectionIndex_formlabel" type="integer">183723748</label>
		</languageKey>
	</orig_hash>
	<orig_text type="array">
		<languageKey index="de" type="array">
			<label index="CType.I.0">Header</label>
			<label index="CType.I.1">Text</label>
			<label index="CType.I.2">Text &amp; images</label>
			<label index="CType.I.3">Images</label>
			<label index="CType.I.4">Bullet list</label>
			<label index="CType.I.5">Table</label>
			<label index="CType.I.6">Filelinks</label>
			<label index="CType.I.7">Multimedia</label>
			<label index="CType.I.8">Form</label>
			<label index="CType.I.9">Search</label>
			<label index="CType.I.10">Login</label>
			<label index="CType.I.11">Textbox</label>
			<label index="CType.I.12">Menu/Sitemap</label>
			<label index="CType.I.13">Insert records</label>
			<label index="CType.I.14">Insert plugin</label>
			<label index="CType.I.15">Script</label>
			<label index="CType.I.16">Divider</label>
			<label index="CType.I.17">HTML</label>
			<label index="layout.I.1">Layout 1</label>
			<label index="layout.I.2">Layout 2</label>
			<label index="layout.I.3">Layout 3</label>
			<label index="colPos">Columns:</label>
			<label index="colPos.I.0">Left</label>
			<label index="colPos.I.2">Right</label>
			<label index="colPos.I.3">Border</label>
			<label index="date">Date:</label>
			<label index="header">Header:</label>
			<label index="header_position">Align:</label>
			<label index="header_position.I.1">Center</label>
			<label index="header_position.I.2">Right</label>
			<label index="header_position.I.3">Left</label>
			<label index="header_link">Link:</label>
			<label index="header_layout.I.1">Layout 1</label>
			<label index="header_layout.I.2">Layout 2</label>
			<label index="header_layout.I.3">Layout 3</label>
			<label index="header_layout.I.4">Layout 4</label>
			<label index="header_layout.I.5">Layout 5</label>
			<label index="header_layout.I.6">Hidden</label>
			<label index="text_align">Align:</label>
			<label index="text_align.I.1">Center</label>
			<label index="text_align.I.2">Right</label>
			<label index="text_align.I.3">Left</label>
			<label index="text_face">Fontface:</label>
			<label index="text_size">Size:</label>
			<label index="text_size.I.1">1: Small</label>
			<label index="text_size.I.2">2: Medium</label>
			<label index="text_size.I.3">3: Large</label>
			<label index="text_size.I.4">4: Header 1</label>
			<label index="text_size.I.5">5: Header 2</label>
			<label index="text_size.I.6">Default +1</label>
			<label index="text_size.I.7">Default -1</label>
			<label index="text_color">Color:</label>
			<label index="text_color.I.1">Color 1</label>
			<label index="text_color.I.2">Color 2</label>
			<label index="text_color.I.3">None</label>
			<label index="text_color.I.5">Black</label>
			<label index="text_color.I.6">White</label>
			<label index="text_color.I.7">Dark gray</label>
			<label index="text_color.I.8">Gray</label>
			<label index="text_color.I.9">Silver</label>
			<label index="text_color.I.10">Red</label>
			<label index="text_color.I.11">Navy blue</label>
			<label index="text_color.I.12">Yellow</label>
			<label index="text_color.I.13">Green</label>
			<label index="text_color.I.14">Olive</label>
			<label index="text_color.I.15">Maroon</label>
			<label index="text_properties">Properties:</label>
			<label index="text_properties.I.0">Bold</label>
			<label index="text_properties.I.1">Italics</label>
			<label index="text_properties.I.2">Underline</label>
			<label index="text_properties.I.3">Uppercase</label>
			<label index="bodytext.W.RTE">Full screen Rich Text Editing</label>
			<label index="imagewidth">Width (pixels):</label>
			<label index="imageheight">Height (pixels):</label>
			<label index="imageorient">Position:</label>
			<label index="imageorient.I.0">Above, center</label>
			<label index="imageorient.I.1">Above, right</label>
			<label index="imageorient.I.2">Above, left</label>
			<label index="imageorient.I.3">Below, center</label>
			<label index="imageorient.I.4">Below, right</label>
			<label index="imageorient.I.5">Below, left</label>
			<label index="imageorient.I.6">In text, right</label>
			<label index="imageorient.I.7">In text, left</label>
			<label index="imageorient.I.8">__No wrap:__</label>
			<label index="imageorient.I.9">Beside text, right</label>
			<label index="imageorient.I.10">Beside text, left</label>
			<label index="imageborder">Border:</label>
			<label index="image_noRows">No rows:</label>
			<label index="image_link">Link:</label>
			<label index="image_zoom">Click-enlarge:</label>
			<label index="image_effects">Effects:</label>
			<label index="image_effects.I.0">(None)</label>
			<label index="image_effects.I.1">Rotate 90 CW</label>
			<label index="image_effects.I.2">Rotate -90 CCW</label>
			<label index="image_effects.I.3">Rotate 180</label>
			<label index="image_effects.I.4">Grayscale</label>
			<label index="image_effects.I.5">Sharpen</label>
			<label index="image_effects.I.6">Normalize</label>
			<label index="image_effects.I.7">Contrast</label>
			<label index="image_effects.I.8">Brighter</label>
			<label index="image_effects.I.9">Darker</label>
			<label index="image_frames">Frames:</label>
			<label index="image_frames.I.0">(None)</label>
			<label index="image_frames.I.1">Frame 1</label>
			<label index="image_frames.I.2">Frame 2</label>
			<label index="image_frames.I.3">Frame 3</label>
			<label index="image_frames.I.4">Frame 4</label>
			<label index="image_frames.I.5">Frame 5</label>
			<label index="image_frames.I.6">Frame 6</label>
			<label index="image_frames.I.7">Frame 7</label>
			<label index="image_frames.I.8">Frame 8</label>
			<label index="image_compression">Image quality/processing:</label>
			<label index="image_compression.I.1">None (ignores all other options!)</label>
			<label index="image_compression.I.15">JPG/Very High</label>
			<label index="image_compression.I.16">JPG/High</label>
			<label index="image_compression.I.17">JPG/Medium</label>
			<label index="image_compression.I.18">JPG/Low</label>
			<label index="image_compression.I.19">JPG/Very Low</label>
			<label index="imagecols">Columns:</label>
			<label index="imagecaption_position">Align:</label>
			<label index="imagecaption_position.I.1">Center</label>
			<label index="imagecaption_position.I.2">Right</label>
			<label index="imagecaption_position.I.3">Left</label>
			<label index="cols">Table Columns:</label>
			<label index="cols.I.0">Auto</label>
			<label index="recursive.I.1">1 level</label>
			<label index="recursive.I.2">2 levels</label>
			<label index="recursive.I.3">3 levels</label>
			<label index="recursive.I.4">4 levels</label>
			<label index="recursive.I.5">Infinite</label>
			<label index="menu_type">Menu type:</label>
			<label index="menu_type.I.0">Menu of these pages</label>
			<label index="menu_type.I.1">Menu of subpages to these pages</label>
			<label index="menu_type.I.2">Menu of subpages to these pages (with abstract)</label>
			<label index="menu_type.I.3">Menu of subpages to these pages + sections</label>
			<label index="menu_type.I.4">Sitemap</label>
			<label index="menu_type.I.5">Section index (pagecontent w/Index checked)</label>
			<label index="menu_type.I.6">Recently updated pages</label>
			<label index="menu_type.I.7">Related pages (based on keywords)</label>
			<label index="list_type">Plugin:</label>
			<label index="table_bgColor">Backgr. Color:</label>
			<label index="table_bgColor.I.1">Color 1</label>
			<label index="table_bgColor.I.2">Color 2</label>
			<label index="table_bgColor.I.3">None</label>
			<label index="table_bgColor.I.5">Black</label>
			<label index="table_bgColor.I.6">White</label>
			<label index="table_bgColor.I.7">Dark gray</label>
			<label index="table_bgColor.I.8">Gray</label>
			<label index="table_bgColor.I.9">Silver</label>
			<label index="table_border">Border:</label>
			<label index="table_cellspacing">Cellspacing:</label>
			<label index="table_cellpadding">Cellpadding:</label>
			<label index="media">Files:</label>
			<label index="multimedia">File:</label>
			<label index="filelink_size">Show filesize:</label>
			<label index="records">Items:</label>
			<label index="spaceBefore">Before:</label>
			<label index="spaceAfter">After:</label>
			<label index="section_frame">Frame:</label>
			<label index="section_frame.I.1">Invisible</label>
			<label index="section_frame.I.2">Ruler before</label>
			<label index="section_frame.I.3">Ruler after</label>
			<label index="section_frame.I.4">Indent</label>
			<label index="section_frame.I.5">Indent, 33/66%</label>
			<label index="section_frame.I.6">Indent, 66/33%</label>
			<label index="section_frame.I.7">Frame 1</label>
			<label index="section_frame.I.8">Frame 2</label>
			<label index="splash_layout">Textbox type:</label>
			<label index="splash_layout.I.1">Image Shadow</label>
			<label index="splash_layout.I.2">Image Frame 1</label>
			<label index="splash_layout.I.3">Image Frame 2</label>
			<label index="splash_layout.I.4">__Graphical:__</label>
			<label index="splash_layout.I.5">Postit 1</label>
			<label index="sectionIndex">Index:</label>
			<label index="linkToTop">To top:</label>
			<label index="rte_enabled">Disable Rich Text Editor:</label>
			<label index="pi_flexform">Plugin Options:</label>
			<label index="ALT.imgOptions">Image Options</label>
			<label index="ALT.imgLinks">Image Links</label>
			<label index="select_key.ALT.uploads">Read from path:</label>
			<label index="imagecaption.ALT.uploads">Descriptions:</label>
			<label index="imagecaption.ALT.script">Comments:</label>
			<label index="bodytext.ALT.mailform">Configuration:</label>
			<label index="pages.ALT.mailform">Jump to page:</label>
			<label index="subheader.ALT.mailform">Recipient-email:</label>
			<label index="pages.ALT.search">Send to page:</label>
			<label index="pages.ALT.login">Send to page:</label>
			<label index="bodytext.ALT.html">HTML:</label>
			<label index="image_altText">Alternative Text:</label>
			<label index="image_titleText">Title Text:</label>
			<label index="image_longdescURL">Long Description URL:</label>
			<label index="CType.div.standard">Standard</label>
			<label index="CType.div.lists">Lists</label>
			<label index="CType.div.forms">Forms</label>
			<label index="CType.div.special">Special</label>
			<label index="ALT.imgDimensions">Image Dimensions</label>
			<label index="tabs.text">Text</label>
			<label index="tabs.media">Media</label>
			<label index="tabs.plugin">Plugin</label>
			<label index="CType.I.18">Media</label>
			<label index="media.options">Media Options</label>
			<label index="media.url">relative Path of Media File or URL</label>
			<label index="media.browseUrlTitle">Select File or URL</label>
			<label index="media.width">Media Width</label>
			<label index="media.height">Media Height</label>
			<label index="media.forcePlayer">Use Player (only for Shockwave Flash)</label>
			<label index="media.type">Media Type</label>
			<label index="media.type.video">Video</label>
			<label index="media.type.audio">Audio</label>
			<label index="media.renderType">Render Type</label>
			<label index="media.renderType.auto">Auto</label>
			<label index="media.renderType.swf">Shockwave Flash Browser Plugin</label>
			<label index="media.renderType.qt">QuickTime Browser Plugin</label>
			<label index="media.renderType.embed">HTML Embed Element</label>
			<label index="media.additionalOptions">Additional Parameters</label>
			<label index="media.params">Media Parameter</label>
			<label index="media.params.option">Option</label>
			<label index="media.params.setTo">Set to</label>
			<label index="media.params.on">On</label>
			<label index="media.params.off">Off</label>
			<label index="media.params.valueEntry">Value Entry</label>
			<label index="media.params.value">Value</label>
			<label index="media.params.autoPlay">AutoPlay</label>
			<label index="media.params.loop">Loop</label>
			<label index="media.params.quality">Quality</label>
			<label index="media.params.preview">Preview Video</label>
			<label index="media.params.bgColor">Background Color</label>
			<label index="media.params.allowScriptAccess">Allow ScriptAccess</label>
			<label index="media.params.allowFullScreen">Allow Fullscreen</label>
			<label index="media.alternativeContent">Alternative Content</label>
			<label index="media.params.customEntry">Custom Parameters</label>
			<label index="media.params.customEntryLabel">Enter flashvars, params or attributes</label>
			<label index="media.noFile">ERROR: Missing URL or File!</label>
			<label index="colPos_formlabel">Column</label>
			<label index="date_formlabel">Date</label>
			<label index="header_position_formlabel">Alignment</label>
			<label index="header_link_formlabel">Link</label>
			<label index="text_align_formlabel">Text alignment</label>
			<label index="text_face_formlabel">Text face</label>
			<label index="text_size_formlabel">Text size</label>
			<label index="text_color_formlabel">Text color</label>
			<label index="image_zoom.I.0">Enlarge</label>
			<label index="linkToTop_formlabel">Link to top of page</label>
			<label index="linkToTop.I.0">Activate</label>
			<label index="rte_enabled_formlabel">Rich Text Editor for this text</label>
			<label index="rte_enabled.I.0">Disable</label>
			<label index="sys_language_uid_formlabel">Language</label>
			<label index="hidden.I.0">Disable</label>
			<label index="bodytext_formlabel">Text</label>
			<label index="palette.general">Content Element</label>
			<label index="palette.headers">Headlines</label>
			<label index="palette.header">Headline</label>
			<label index="tabs.script">Script</label>
			<label index="tabs.images">Images</label>
			<label index="tabs.access">Access</label>
			<label index="header_formlabel">Main headline</label>
			<label index="palette.visibility">General visibility</label>
			<label index="CType_formlabel">Type</label>
			<label index="header_layout_formlabel">Type</label>
			<label index="sectionIndex.I.0">Visible</label>
			<label index="hidden_formlabel">Content element</label>
			<label index="fe_group_formlabel">Usergroups and general login response</label>
			<label index="layout_formlabel">Frontend variants</label>
			<label index="palette.access">Access times and rights</label>
			<label index="palette.frames">General layout</label>
			<label index="tabs.appearance">Appearance</label>
			<label index="tabs.behaviour">Behaviour</label>
			<label index="starttime_formlabel">Release date</label>
			<label index="endtime_formlabel">Expiration date</label>
			<label index="section_frame_formlabel">Indentations and frames</label>
			<label index="palette.textlayout">Text layout</label>
			<label index="text_properties_formlabel">Text decoration</label>
			<label index="spaceBefore_formlabel">Top margin</label>
			<label index="spaceAfter_formlabel">Bottom margin</label>
			<label index="sectionIndex_formlabel">In section menus</label>
		</languageKey>
	</orig_text>
</T3locallangExt>