<?xml version="1.0" encoding="utf-8" standalone="yes" ?>
<T3locallangExt>
	<data type="array">
		<languageKey index="de" type="array">
			<label index="mod_tx_cms_webinfo_page">Seitenbaumübersicht</label>
			<label index="mod_tx_cms_webinfo_lang">Übersetzungsübersicht</label>
			<label index="pages.palettes.standard">Seite</label>
			<label index="pages.palettes.title">Titel</label>
			<label index="pages.palettes.visibility">Allgemeine Sichtbarkeit</label>
			<label index="pages.palettes.access">Zugriffszeiten und -rechte</label>
			<label index="pages.palettes.abstract">Zusammenfassung</label>
			<label index="pages.palettes.metatags">Meta-Tags</label>
			<label index="pages.palettes.editorial">Redaktion</label>
			<label index="pages.palettes.layout">Layout</label>
			<label index="pages.palettes.module">Markiert als Container für</label>
			<label index="pages.palettes.replace">Ersetze den Inhalt</label>
			<label index="pages.palettes.links">Links zu dieser Seite</label>
			<label index="pages.palettes.caching">Caching</label>
			<label index="pages.palettes.language">Sprache</label>
			<label index="pages.palettes.miscellaneous">Sonstige</label>
			<label index="pages.palettes.media">Dateien</label>
			<label index="pages.palettes.storage">Allgemeine Datensatzsammlung</label>
			<label index="pages.palettes.config">Spezielle Konfiguration</label>
			<label index="pages.doktype_formlabel">Typ</label>
			<label index="pages.doktype.I.0">Erweitert</label>
			<label index="pages.doktype.I.2">Verweis</label>
			<label index="pages.doktype.I.3">Nicht im Menü</label>
			<label index="pages.doktype.I.4">Backend-Benutzerbereich</label>
			<label index="pages.doktype.I.5">Einstiegspunkt</label>
			<label index="pages.doktype.I.7">Visuelles Trennzeichen für Menü</label>
			<label index="pages.doktype.I.8">Link zu externer URL</label>
			<label index="pages.doktype.div.page">Seite</label>
			<label index="pages.doktype.div.link">Link</label>
			<label index="pages.doktype.div.special">Spezial</label>
			<label index="pages.title_formlabel">Haupttitel</label>
			<label index="pages.starttime_formlabel">Veröffentlichungszeitpunkt</label>
			<label index="pages.endtime_formlabel">Ablaufzeitpunkt</label>
			<label index="pages.fe_group_formlabel">Benutzergruppen und allgemeine Reaktionen auf Logins</label>
			<label index="pages.hidden">Seite verbergen:</label>
			<label index="pages.hidden_formlabel">Seite</label>
			<label index="pages.hidden_checkbox_1_formlabel">Deaktivieren</label>
			<label index="pages.layout_formlabel">Frontend-Varianten</label>
			<label index="pages.layout.I.1">Layout 1</label>
			<label index="pages.layout.I.2">Layout 2</label>
			<label index="pages.layout.I.3">Layout 3</label>
			<label index="pages.url_scheme">Protokoll erzwingen:</label>
			<label index="pages.url_scheme_formlabel">Protokoll erzwingen</label>
			<label index="pages.url_scheme.http">http://</label>
			<label index="pages.url_scheme.https">https://</label>
			<label index="pages.extendToSubpages">Inklusive Unterseiten:</label>
			<label index="pages.extendToSubpages_formlabel">Vererbe Zugriffszeiten und -rechte</label>
			<label index="pages.extendToSubpages_checkbox_1_formlabel">an Unterseiten</label>
			<label index="pages.nav_title">Navigationstitel:</label>
			<label index="pages.nav_title_formlabel">Alternativer Navigationstitel</label>
			<label index="pages.nav_hide">Im Menü verbergen:</label>
			<label index="pages.nav_hide_formlabel">In Menüs</label>
			<label index="pages.nav_hide_checkbox_1_formlabel">verbergen</label>
			<label index="pages.subtitle">Untertitel:</label>
			<label index="pages.subtitle_formlabel">Untertitel</label>
			<label index="pages.target">Zielfenster:</label>
			<label index="pages.target_formlabel">werden mit diesen Zieleinstellungen geöffnet</label>
			<label index="pages.alias">Adress-Alias:</label>
			<label index="pages.alias_formlabel">verwenden diesen Alias in simulierten Pfaden</label>
			<label index="pages.url">URL:</label>
			<label index="pages.url_formlabel">URL</label>
			<label index="pages.urltype_formlabel">Protokoll</label>
			<label index="pages.lastUpdated">Letzte Aktualisierung:</label>
			<label index="pages.lastUpdated_formlabel">Letzte Aktualisierung</label>
			<label index="pages.newUntil">&quot;Neu&quot; bis:</label>
			<label index="pages.newUntil_formlabel">Markiere als 'Neu' bis</label>
			<label index="pages.cache_timeout">Cache verfällt:</label>
			<label index="pages.cache_timeout_formlabel">Cache-Dauer</label>
			<label index="pages.cache_timeout.I.1">1 Min</label>
			<label index="pages.cache_timeout.I.2">5 Min</label>
			<label index="pages.cache_timeout.I.3">15 Min</label>
			<label index="pages.cache_timeout.I.4">30 Min</label>
			<label index="pages.cache_timeout.I.5">1 Stunde</label>
			<label index="pages.cache_timeout.I.6">4 Stunden</label>
			<label index="pages.cache_timeout.I.7">1 Tag</label>
			<label index="pages.cache_timeout.I.8">2 Tage</label>
			<label index="pages.cache_timeout.I.9">7 Tage</label>
			<label index="pages.cache_timeout.I.10">1 Monat</label>
			<label index="pages.editlock_formlabel">Bearbeitbar</label>
			<label index="pages.editlock_checkbox_1_formlabel">nur für Administratoren</label>
			<label index="pages.tabs.metadata">Metadaten</label>
			<label index="pages.tabs.files">Ressourcen</label>
			<label index="pages.tabs.resources">Ressourcen</label>
			<label index="pages.tabs.access">Zugriff</label>
			<label index="pages.tabs.options">Optionen</label>
			<label index="pages.tabs.mount">Einbindung</label>
			<label index="pages.tabs.shortcut">Verweis</label>
			<label index="pages.tabs.url">URL</label>
			<label index="pages.tabs.extended">Erweitert</label>
			<label index="pages.tabs.appearance">Erscheinungsbild</label>
			<label index="pages.tabs.behaviour">Verhalten</label>
			<label index="pages.no_cache">Nicht cachen:</label>
			<label index="pages.no_cache_formlabel">Cache</label>
			<label index="pages.no_cache_checkbox_1_formlabel">Deaktivieren</label>
			<label index="pages.no_search">Nicht suchen:</label>
			<label index="pages.no_search_formlabel">In Indexsuche</label>
			<label index="pages.no_search_checkbox_1_formlabel">Deaktivieren</label>
			<label index="pages.shortcut_mode">Verweismodus:</label>
			<label index="pages.shortcut_mode_formlabel">Verweismodus</label>
			<label index="pages.shortcut_mode.I.0">Ausgewählte Seite</label>
			<label index="pages.shortcut_mode.I.1">Erste Unterseite</label>
			<label index="pages.shortcut_mode.I.2">Zufällige Unterseite</label>
			<label index="pages.shortcut_mode.I.3">Oberseite</label>
			<label index="pages.content_from_pid">Inhalt dieser Seite anzeigen:</label>
			<label index="pages.content_from_pid_formlabel">Mit Inhalt der ausgewählten Seite</label>
			<label index="pages.mount_pid">Einstiegspunkt (erweitert):</label>
			<label index="pages.mount_pid_formlabel">Einstiegsseite</label>
			<label index="pages.mount_pid_ol">Einstiegspunkt (diese Seite) durch eingebundene Seite ersetzen:</label>
			<label index="pages.mount_pid_ol.I.0">Diese Seite</label>
			<label index="pages.mount_pid_ol.I.1">Einstiegsseite</label>
			<label index="pages.mount_pid_ol_formlabel">Zeige Inhalt von</label>
			<label index="pages.abstract">Inhaltsangabe:</label>
			<label index="pages.abstract_formlabel">Wird intern für Teaser und Menüs benutzt</label>
			<label index="pages.keywords_formlabel">Schlagworte (SEO)</label>
			<label index="pages.description_formlabel">Beschreibung (SEO)</label>
			<label index="pages.author_formlabel">Name des Autors</label>
			<label index="pages.author_email_formlabel">E-Mail des Autors</label>
			<label index="pages.media">Dateien:</label>
			<label index="pages.media_formlabel">Momentan mit dieser Seite verknüpft</label>
			<label index="pages.is_siteroot">Ist Anfang der Website:</label>
			<label index="pages.is_siteroot_formlabel">Setze diese Seite</label>
			<label index="pages.is_siteroot_checkbox_1_formlabel">Als Anfang der Site</label>
			<label index="pages.module">Enthält Plug-In:</label>
			<label index="pages.module_formlabel">Ausgewählte Erweiterung</label>
			<label index="pages.module.I.1">Shop</label>
			<label index="pages.module.I.2">Forum</label>
			<label index="pages.module.I.3">News</label>
			<label index="pages.module.I.4">Website-Benutzer</label>
			<label index="pages.module.I.5">Direct Mail</label>
			<label index="pages.module.I.6">Abstimmungen</label>
			<label index="pages.l18n_cfg">Lokalisierungseinstellungen:</label>
			<label index="pages.l18n_cfg_formlabel">Lokalisierung</label>
			<label index="pages.l18n_cfg.I.1">Standardübersetzung verbergen</label>
			<label index="pages.l18n_cfg.I.2">Seite verbergen, wenn keine Übersetzung für die aktuelle Sprache vorhanden ist</label>
			<label index="pages.l18n_cfg.I.2a">Seite anzeigen, auch wenn keine Übersetzung vorhanden ist</label>
			<label index="pages.fe_login_mode">Anmeldemodus:</label>
			<label index="pages.fe_login_mode_formlabel">Anmeldeverhalten</label>
			<label index="pages.fe_login_mode.disable">Sperren</label>
			<label index="pages.fe_login_mode.disableAll">Benutzeranmeldung komplett deaktivieren</label>
			<label index="pages.fe_login_mode.disableGroups">Anmeldung freigeben, aber Benutzergruppen deaktivieren</label>
			<label index="pages.fe_login_mode.enable">Freigeben</label>
			<label index="pages.fe_login_mode.enableAgain">Anmeldung wieder freigeben</label>
			<label index="pages.storage_pid_formlabel">Auf der ausgewählten Seite</label>
			<label index="pages.TSconfig_formlabel">TSconfig</label>
			<label index="tt_content">Seiteninhalt</label>
			<label index="fe_users">Website-Benutzer</label>
			<label index="fe_users.username">Benutzername:</label>
			<label index="fe_users.password">Passwort:</label>
			<label index="fe_users.usergroup">Benutzergruppe:</label>
			<label index="fe_users.lockToDomain">An Domäne binden:</label>
			<label index="fe_users.tabs.personelData">Persönliche Daten</label>
			<label index="fe_users.tabs.access">Zugriff</label>
			<label index="fe_users.tabs.options">Optionen</label>
			<label index="fe_users.tabs.extended">Erweitert</label>
			<label index="fe_groups">Website-Benutzergruppe</label>
			<label index="fe_groups.title">Gruppenname:</label>
			<label index="fe_groups.lockToDomain">An Domäne binden:</label>
			<label index="fe_groups.subgroup">Untergruppen:</label>
			<label index="fe_groups.tabs.options">Optionen</label>
			<label index="fe_groups.tabs.extended">Erweitert</label>
			<label index="sys_domain">Domäne</label>
			<label index="sys_domain.domainName">Domäne:</label>
			<label index="sys_domain.redirectTo">Umleiten nach:</label>
			<label index="sys_domain.redirectHttpStatusCode">HTTP-Statuscode für Umleitung:</label>
			<label index="sys_domain.redirectHttpStatusCode.301">Dauerhaft verschoben (Moved permanently, 301)</label>
			<label index="sys_domain.redirectHttpStatusCode.302">Gefunden (Found, 302)</label>
			<label index="sys_domain.redirectHttpStatusCode.303">Siehe andere (See other, 303)</label>
			<label index="sys_domain.redirectHttpStatusCode.307">Temporär verschoben (Moved temporarily, 307)</label>
			<label index="sys_domain.prepend_params">Parameter zur Umleitungs-URL übertragen:</label>
			<label index="sys_domain.forced">In Links immer diese Domain voranstellen:</label>
			<label index="sys_template">Template</label>
			<label index="sys_template.title">Template-Titel:</label>
			<label index="sys_template.root">Wurzelebene:</label>
			<label index="sys_template.clear">Löschen:</label>
			<label index="sys_template.sitetitle">Website-Titel:</label>
			<label index="sys_template.constants">Konstanten:</label>
			<label index="sys_template.resources">Ressourcen:</label>
			<label index="sys_template.nextLevel">Template nächste Ebene:</label>
			<label index="sys_template.include_static_file">Statische Templates einschließen (aus Erweiterungen):</label>
			<label index="sys_template.basedOn">Basis-Template einschließen:</label>
			<label index="sys_template.includeStaticAfterBasedOn">Statische Templates NACH Basis-Template einschließen:</label>
			<label index="sys_template.config">Setup:</label>
			<label index="sys_template.editorcfg">Konfiguration Backend-Editor:</label>
			<label index="sys_template.description">Beschreibung:</label>
			<label index="sys_template.static_file_mode">Statische Template-Dateien aus Erweiterungen:</label>
			<label index="sys_template.static_file_mode.0">Standard (einschließen vor, wenn Wurzel-Option gesetzt)</label>
			<label index="sys_template.static_file_mode.1">Stets vor diesem Template-Datensatz einschließen</label>
			<label index="sys_template.static_file_mode.2">Nie vor diesem Template-Datensatz einschließen</label>
			<label index="sys_template.basedOn_add">Neues Basis-Template hinzufügen</label>
			<label index="sys_template.tabs.files">Ressourcen</label>
			<label index="sys_template.tabs.include">Enthält</label>
			<label index="sys_template.tabs.options">Optionen</label>
			<label index="sys_template.tabs.access">Zugriff</label>
			<label index="pages_language_overlay">Alternative Seitensprache</label>
			<label index="sys_template.include_static">Statische Templates einschließen:</label>
			<label index="static_template">Statische Templates</label>
			<label index="sys_language">Website Sprache</label>
			<label index="sys_language.isocode">Offizielle Sprache auswählen (ISO Code):</label>
		</languageKey>
	</data>
	<orig_hash type="array">
		<languageKey index="de" type="array">
			<label index="mod_tx_cms_webinfo_page" type="integer">46867233</label>
			<label index="pages.doktype.I.0" type="integer">162944094</label>
			<label index="pages.doktype.I.2" type="integer">123085069</label>
			<label index="pages.doktype.I.3" type="integer">172261511</label>
			<label index="pages.doktype.I.4" type="integer">213052016</label>
			<label index="pages.doktype.I.5" type="integer">167908391</label>
			<label index="pages.doktype.I.7" type="integer">248195370</label>
			<label index="pages.hidden" type="integer">65518437</label>
			<label index="pages.layout.I.1" type="integer">186159068</label>
			<label index="pages.layout.I.2" type="integer">144093188</label>
			<label index="pages.layout.I.3" type="integer">85298801</label>
			<label index="pages.extendToSubpages" type="integer">113222983</label>
			<label index="pages.nav_title" type="integer">213163145</label>
			<label index="pages.nav_hide" type="integer">163349812</label>
			<label index="pages.subtitle" type="integer">252742192</label>
			<label index="pages.target" type="integer">253363033</label>
			<label index="pages.alias" type="integer">169830525</label>
			<label index="pages.url" type="integer">62115936</label>
			<label index="pages.lastUpdated" type="integer">68543275</label>
			<label index="pages.newUntil" type="integer">15740872</label>
			<label index="pages.cache_timeout" type="integer">250768080</label>
			<label index="pages.cache_timeout.I.1" type="integer">17751255</label>
			<label index="pages.cache_timeout.I.2" type="integer">226471786</label>
			<label index="pages.cache_timeout.I.3" type="integer">25025547</label>
			<label index="pages.cache_timeout.I.4" type="integer">63694871</label>
			<label index="pages.cache_timeout.I.5" type="integer">120240592</label>
			<label index="pages.cache_timeout.I.6" type="integer">182216352</label>
			<label index="pages.cache_timeout.I.7" type="integer">238766109</label>
			<label index="pages.cache_timeout.I.8" type="integer">3514198</label>
			<label index="pages.cache_timeout.I.9" type="integer">213446991</label>
			<label index="pages.cache_timeout.I.10" type="integer">23285350</label>
			<label index="pages.no_cache" type="integer">221004140</label>
			<label index="pages.no_search" type="integer">8650986</label>
			<label index="pages.shortcut_mode" type="integer">49005128</label>
			<label index="pages.shortcut_mode.I.1" type="integer">115282268</label>
			<label index="pages.shortcut_mode.I.2" type="integer">93918891</label>
			<label index="pages.content_from_pid" type="integer">151843742</label>
			<label index="pages.mount_pid" type="integer">258972787</label>
			<label index="pages.mount_pid_ol" type="integer">72364821</label>
			<label index="pages.abstract" type="integer">268186811</label>
			<label index="pages.media" type="integer">147226768</label>
			<label index="pages.is_siteroot" type="integer">250187229</label>
			<label index="pages.module" type="integer">136180287</label>
			<label index="pages.module.I.1" type="integer">167257368</label>
			<label index="pages.module.I.2" type="integer">100887818</label>
			<label index="pages.module.I.3" type="integer">231848472</label>
			<label index="pages.module.I.4" type="integer">164445273</label>
			<label index="pages.module.I.5" type="integer">141759446</label>
			<label index="pages.module.I.6" type="integer">19589821</label>
			<label index="tt_content" type="integer">102203127</label>
			<label index="fe_users" type="integer">178974165</label>
			<label index="fe_users.username" type="integer">212632006</label>
			<label index="fe_users.password" type="integer">187963993</label>
			<label index="fe_users.usergroup" type="integer">142097351</label>
			<label index="fe_users.lockToDomain" type="integer">230344003</label>
			<label index="fe_groups" type="integer">102868901</label>
			<label index="fe_groups.title" type="integer">76352857</label>
			<label index="fe_groups.lockToDomain" type="integer">230344003</label>
			<label index="sys_domain" type="integer">246309786</label>
			<label index="sys_domain.domainName" type="integer">198572531</label>
			<label index="sys_domain.redirectTo" type="integer">31400985</label>
			<label index="sys_domain.prepend_params" type="integer">103981266</label>
			<label index="pages_language_overlay" type="integer">56559649</label>
			<label index="sys_language" type="integer">144875845</label>
			<label index="sys_template" type="integer">41469073</label>
			<label index="static_template" type="integer">141130377</label>
			<label index="sys_language.isocode" type="integer">49440593</label>
			<label index="pages.l18n_cfg.I.2" type="integer">219008572</label>
			<label index="pages.l18n_cfg" type="double">4046046</label>
			<label index="pages.l18n_cfg.I.1" type="integer">248921960</label>
			<label index="mod_tx_cms_webinfo_lang" type="integer">255687278</label>
			<label index="pages.l18n_cfg.I.2a" type="integer">27002828</label>
			<label index="pages.fe_login_mode" type="integer">87698450</label>
			<label index="pages.fe_login_mode.disable" type="integer">198159566</label>
			<label index="pages.fe_login_mode.enable" type="integer">49998879</label>
			<label index="fe_groups.subgroup" type="integer">19345373</label>
			<label index="pages.doktype.I.8" type="integer">195066299</label>
			<label index="pages.doktype.div.page" type="integer">26464201</label>
			<label index="pages.doktype.div.link" type="integer">159284378</label>
			<label index="pages.doktype.div.special" type="integer">189541205</label>
			<label index="pages.tabs.metadata" type="integer">216142960</label>
			<label index="pages.tabs.files" type="integer">232584460</label>
			<label index="pages.tabs.access" type="integer">200750040</label>
			<label index="pages.tabs.options" type="integer">229542606</label>
			<label index="pages.tabs.mount" type="integer">246210925</label>
			<label index="pages.tabs.shortcut" type="integer">123085069</label>
			<label index="pages.tabs.url" type="integer">241907994</label>
			<label index="pages.tabs.extended" type="integer">253974415</label>
			<label index="fe_users.tabs.personelData" type="integer">218694354</label>
			<label index="fe_users.tabs.access" type="integer">200750040</label>
			<label index="fe_users.tabs.options" type="integer">229542606</label>
			<label index="fe_users.tabs.extended" type="integer">253974415</label>
			<label index="fe_groups.tabs.options" type="integer">229542606</label>
			<label index="fe_groups.tabs.extended" type="integer">253974415</label>
			<label index="sys_template.title" type="integer">257570979</label>
			<label index="sys_template.root" type="integer">173360784</label>
			<label index="sys_template.clear" type="integer">221369989</label>
			<label index="sys_template.sitetitle" type="integer">161875242</label>
			<label index="sys_template.constants" type="integer">9435897</label>
			<label index="sys_template.resources" type="integer">164459359</label>
			<label index="sys_template.nextLevel" type="integer">24700453</label>
			<label index="sys_template.include_static" type="integer">94184533</label>
			<label index="sys_template.include_static_file" type="integer">43976405</label>
			<label index="sys_template.basedOn" type="integer">60429336</label>
			<label index="sys_template.includeStaticAfterBasedOn" type="integer">86872212</label>
			<label index="sys_template.config" type="integer">99513535</label>
			<label index="sys_template.editorcfg" type="integer">224681865</label>
			<label index="sys_template.description" type="integer">218120871</label>
			<label index="sys_template.static_file_mode" type="integer">221323314</label>
			<label index="sys_template.basedOn_add" type="integer">168153644</label>
			<label index="sys_template.tabs.files" type="integer">232584460</label>
			<label index="sys_template.tabs.include" type="integer">188167013</label>
			<label index="sys_template.tabs.options" type="integer">229542606</label>
			<label index="sys_template.tabs.access" type="integer">200750040</label>
			<label index="pages.fe_login_mode.disableAll" type="integer">185084204</label>
			<label index="pages.fe_login_mode.disableGroups" type="integer">25419577</label>
			<label index="pages.fe_login_mode.enableAgain" type="integer">52549960</label>
			<label index="sys_domain.redirectHttpStatusCode" type="integer">238466695</label>
			<label index="sys_domain.redirectHttpStatusCode.301" type="integer">6359107</label>
			<label index="sys_domain.redirectHttpStatusCode.302" type="integer">260171856</label>
			<label index="sys_domain.redirectHttpStatusCode.303" type="integer">236386491</label>
			<label index="sys_domain.redirectHttpStatusCode.307" type="integer">240274966</label>
			<label index="sys_template.static_file_mode.0" type="integer">228550280</label>
			<label index="sys_template.static_file_mode.1" type="integer">3432267</label>
			<label index="sys_template.static_file_mode.2" type="integer">192670032</label>
			<label index="sys_domain.forced" type="integer">146803774</label>
			<label index="pages.shortcut_mode.I.3" type="integer">118115266</label>
			<label index="pages.url_scheme" type="integer">102165914</label>
			<label index="pages.url_scheme.http" type="integer">230520720</label>
			<label index="pages.url_scheme.https" type="integer">261008999</label>
			<label index="pages.url_scheme_formlabel" type="integer">10800451</label>
			<label index="pages.palettes.standard" type="integer">26464201</label>
			<label index="pages.hidden_formlabel" type="integer">26464201</label>
			<label index="pages.extendToSubpages_checkbox_1_formlabel" type="integer">26982908</label>
			<label index="pages.shortcut_mode_formlabel" type="integer">91771315</label>
			<label index="pages.shortcut_mode.I.0" type="integer">251676318</label>
			<label index="pages.mount_pid_ol.I.0" type="integer">98872550</label>
			<label index="pages.storage_pid_formlabel" type="integer">175404020</label>
			<label index="pages.palettes.language" type="integer">77154959</label>
			<label index="pages.palettes.media" type="integer">153041452</label>
			<label index="pages.hidden_checkbox_1_formlabel" type="integer">198159566</label>
			<label index="pages.nav_hide_formlabel" type="integer">243864376</label>
			<label index="pages.subtitle_formlabel" type="integer">3536098</label>
			<label index="pages.url_formlabel" type="integer">241907994</label>
			<label index="pages.urltype_formlabel" type="integer">143173503</label>
			<label index="pages.lastUpdated_formlabel" type="integer">24188541</label>
			<label index="pages.editlock_formlabel" type="integer">94032520</label>
			<label index="pages.editlock_checkbox_1_formlabel" type="integer">185325320</label>
			<label index="pages.tabs.resources" type="integer">232584460</label>
			<label index="pages.no_cache_formlabel" type="integer">179359504</label>
			<label index="pages.no_cache_checkbox_1_formlabel" type="integer">198159566</label>
			<label index="pages.no_search_checkbox_1_formlabel" type="integer">198159566</label>
			<label index="pages.TSconfig_formlabel" type="integer">258585102</label>
			<label index="pages.palettes.title" type="integer">192455458</label>
			<label index="pages.fe_login_mode_formlabel" type="integer">102773449</label>
			<label index="pages.palettes.visibility" type="integer">171483555</label>
			<label index="pages.palettes.access" type="integer">228191362</label>
			<label index="pages.palettes.abstract" type="integer">238370238</label>
			<label index="pages.palettes.metatags" type="integer">189383889</label>
			<label index="pages.palettes.editorial" type="integer">54256378</label>
			<label index="pages.palettes.layout" type="integer">247307244</label>
			<label index="pages.palettes.module" type="integer">160515377</label>
			<label index="pages.palettes.replace" type="integer">223084686</label>
			<label index="pages.palettes.links" type="integer">18621708</label>
			<label index="pages.palettes.caching" type="integer">2971343</label>
			<label index="pages.palettes.miscellaneous" type="integer">59226864</label>
			<label index="pages.palettes.storage" type="integer">190692835</label>
			<label index="pages.palettes.config" type="integer">29425992</label>
			<label index="pages.doktype_formlabel" type="integer">169845367</label>
			<label index="pages.title_formlabel" type="integer">2381349</label>
			<label index="pages.starttime_formlabel" type="integer">249496158</label>
			<label index="pages.endtime_formlabel" type="integer">114992516</label>
			<label index="pages.fe_group_formlabel" type="integer">134883510</label>
			<label index="pages.layout_formlabel" type="integer">171015397</label>
			<label index="pages.extendToSubpages_formlabel" type="integer">87035514</label>
			<label index="pages.nav_title_formlabel" type="integer">24678575</label>
			<label index="pages.target_formlabel" type="integer">8034622</label>
			<label index="pages.alias_formlabel" type="integer">231415618</label>
			<label index="pages.newUntil_formlabel" type="integer">87485669</label>
			<label index="pages.cache_timeout_formlabel" type="integer">99617873</label>
			<label index="pages.tabs.appearance" type="integer">169629929</label>
			<label index="pages.tabs.behaviour" type="integer">32537341</label>
			<label index="pages.no_search_formlabel" type="integer">108129979</label>
			<label index="pages.content_from_pid_formlabel" type="integer">38077310</label>
			<label index="pages.mount_pid_formlabel" type="integer">211129765</label>
			<label index="pages.mount_pid_ol.I.1" type="integer">211129765</label>
			<label index="pages.mount_pid_ol_formlabel" type="integer">11329299</label>
			<label index="pages.abstract_formlabel" type="integer">59857232</label>
			<label index="pages.keywords_formlabel" type="integer">108375817</label>
			<label index="pages.description_formlabel" type="integer">132225488</label>
			<label index="pages.author_formlabel" type="integer">39142928</label>
			<label index="pages.author_email_formlabel" type="integer">248476286</label>
			<label index="pages.media_formlabel" type="integer">219848956</label>
			<label index="pages.is_siteroot_formlabel" type="integer">186102602</label>
			<label index="pages.module_formlabel" type="integer">110404941</label>
			<label index="pages.l18n_cfg_formlabel" type="integer">57239651</label>
			<label index="pages.nav_hide_checkbox_1_formlabel" type="integer">176746587</label>
			<label index="pages.is_siteroot_checkbox_1_formlabel" type="integer">75401099</label>
		</languageKey>
	</orig_hash>
	<orig_text type="array">
		<languageKey index="de" type="array">
			<label index="mod_tx_cms_webinfo_page">Pagetree overview</label>
			<label index="mod_tx_cms_webinfo_lang">Localization overview</label>
			<label index="pages.doktype.I.0">Advanced</label>
			<label index="pages.doktype.I.2">Shortcut</label>
			<label index="pages.doktype.I.3">Not in menu</label>
			<label index="pages.doktype.I.4">Backend User Section</label>
			<label index="pages.doktype.I.5">Mount Point</label>
			<label index="pages.doktype.I.7">Visual menu separator</label>
			<label index="pages.hidden">Hide page:</label>
			<label index="pages.layout.I.1">Layout 1</label>
			<label index="pages.layout.I.2">Layout 2</label>
			<label index="pages.layout.I.3">Layout 3</label>
			<label index="pages.extendToSubpages">Include subpages:</label>
			<label index="pages.nav_title">Navigation title:</label>
			<label index="pages.nav_hide">Hide in menu:</label>
			<label index="pages.subtitle">Subtitle:</label>
			<label index="pages.target">Target:</label>
			<label index="pages.alias">Alias:</label>
			<label index="pages.url">URL:</label>
			<label index="pages.lastUpdated">Last updated:</label>
			<label index="pages.newUntil">'New' until:</label>
			<label index="pages.cache_timeout">Cache expires:</label>
			<label index="pages.cache_timeout.I.1">1 min</label>
			<label index="pages.cache_timeout.I.2">5 min</label>
			<label index="pages.cache_timeout.I.3">15 min</label>
			<label index="pages.cache_timeout.I.4">30 min</label>
			<label index="pages.cache_timeout.I.5">1 hour</label>
			<label index="pages.cache_timeout.I.6">4 hours</label>
			<label index="pages.cache_timeout.I.7">1 day</label>
			<label index="pages.cache_timeout.I.8">2 days</label>
			<label index="pages.cache_timeout.I.9">7 days</label>
			<label index="pages.cache_timeout.I.10">1 month</label>
			<label index="pages.no_cache">No cache:</label>
			<label index="pages.no_search">No search:</label>
			<label index="pages.shortcut_mode">Shortcut mode:</label>
			<label index="pages.shortcut_mode.I.1">First subpage</label>
			<label index="pages.shortcut_mode.I.2">Random subpage</label>
			<label index="pages.content_from_pid">Show content from this page instead:</label>
			<label index="pages.mount_pid">Mount Point (advanced):</label>
			<label index="pages.mount_pid_ol">Substitute Mount Point (this page) with Mounted page:</label>
			<label index="pages.abstract">Abstract:</label>
			<label index="pages.media">Files:</label>
			<label index="pages.is_siteroot">Is root of website:</label>
			<label index="pages.module">Contains plugin:</label>
			<label index="pages.module.I.1">Shop</label>
			<label index="pages.module.I.2">Board</label>
			<label index="pages.module.I.3">News</label>
			<label index="pages.module.I.4">Website users</label>
			<label index="pages.module.I.5">Direct Mail</label>
			<label index="pages.module.I.6">Approvals</label>
			<label index="pages.l18n_cfg">Localization settings:</label>
			<label index="pages.l18n_cfg.I.1">Hide default translation of page</label>
			<label index="pages.l18n_cfg.I.2">Hide page if no translation for current language exists</label>
			<label index="tt_content">Pagecontent</label>
			<label index="fe_users">Website user</label>
			<label index="fe_users.username">Username:</label>
			<label index="fe_users.password">Password:</label>
			<label index="fe_users.usergroup">Groups:</label>
			<label index="fe_users.lockToDomain">Lock to domain:</label>
			<label index="fe_groups">Website usergroup</label>
			<label index="fe_groups.title">Grouptitle:</label>
			<label index="fe_groups.lockToDomain">Lock to domain:</label>
			<label index="sys_domain">Domain</label>
			<label index="sys_domain.domainName">Domain:</label>
			<label index="sys_domain.redirectTo">Redirect to:</label>
			<label index="sys_domain.prepend_params">Transfer parameters to Redirect URL:</label>
			<label index="pages_language_overlay">Alternative Page Language</label>
			<label index="sys_template">Template</label>
			<label index="static_template">Static templates</label>
			<label index="pages.l18n_cfg.I.2a">Show page even if no translation exists</label>
			<label index="pages.fe_login_mode">Login Mode:</label>
			<label index="pages.fe_login_mode.disable">Disable</label>
			<label index="pages.fe_login_mode.enable">Enable</label>
			<label index="fe_groups.subgroup">Subgroups:</label>
			<label index="pages.doktype.I.8">Link to external URL</label>
			<label index="pages.doktype.div.page">Page</label>
			<label index="pages.doktype.div.link">Link</label>
			<label index="pages.doktype.div.special">Special</label>
			<label index="pages.tabs.metadata">Metadata</label>
			<label index="pages.tabs.files">Resources</label>
			<label index="pages.tabs.access">Access</label>
			<label index="pages.tabs.options">Options</label>
			<label index="pages.tabs.mount">Mount</label>
			<label index="pages.tabs.shortcut">Shortcut</label>
			<label index="pages.tabs.url">URL</label>
			<label index="pages.tabs.extended">Extended</label>
			<label index="fe_users.tabs.personelData">Personal Data</label>
			<label index="fe_users.tabs.access">Access</label>
			<label index="fe_users.tabs.options">Options</label>
			<label index="fe_users.tabs.extended">Extended</label>
			<label index="fe_groups.tabs.options">Options</label>
			<label index="fe_groups.tabs.extended">Extended</label>
			<label index="sys_template.title">Template title:</label>
			<label index="sys_template.root">Rootlevel:</label>
			<label index="sys_template.clear">Clear:</label>
			<label index="sys_template.sitetitle">Website title:</label>
			<label index="sys_template.constants">Constants:</label>
			<label index="sys_template.resources">Resources:</label>
			<label index="sys_template.nextLevel">Template on next level:</label>
			<label index="sys_template.include_static">Include static:</label>
			<label index="sys_template.include_static_file">Include static (from extensions):</label>
			<label index="sys_template.basedOn">Include basis template:</label>
			<label index="sys_template.includeStaticAfterBasedOn">Include static AFTER basedOn:</label>
			<label index="sys_template.config">Setup:</label>
			<label index="sys_template.editorcfg">Backend Editor Configuration:</label>
			<label index="sys_template.description">Description:</label>
			<label index="sys_template.static_file_mode">Static template files from T3 Extensions:</label>
			<label index="sys_template.basedOn_add">Add new basis template</label>
			<label index="sys_template.tabs.files">Resources</label>
			<label index="sys_template.tabs.include">Includes</label>
			<label index="sys_template.tabs.options">Options</label>
			<label index="sys_template.tabs.access">Access</label>
			<label index="pages.fe_login_mode.disableAll">Disable user login completely</label>
			<label index="pages.fe_login_mode.disableGroups">Allow logins, but not usergroups</label>
			<label index="pages.fe_login_mode.enableAgain">Enable logins again</label>
			<label index="sys_domain.redirectHttpStatusCode">HTTP Status Code for the Redirect:</label>
			<label index="sys_domain.redirectHttpStatusCode.301">Moved permanently (301)</label>
			<label index="sys_domain.redirectHttpStatusCode.302">Found (302)</label>
			<label index="sys_domain.redirectHttpStatusCode.303">See other (303)</label>
			<label index="sys_domain.redirectHttpStatusCode.307">Moved temporarily (307)</label>
			<label index="sys_template.static_file_mode.0">Default (Include before if Root-flag is set)</label>
			<label index="sys_template.static_file_mode.1">Always include before this template record</label>
			<label index="sys_template.static_file_mode.2">Never include before this template record</label>
			<label index="sys_domain.forced">Always prepend this domain in links:</label>
			<label index="pages.shortcut_mode.I.3">Parent page</label>
			<label index="pages.url_scheme">Enforce Protocol:</label>
			<label index="pages.url_scheme.http">http://</label>
			<label index="pages.url_scheme.https">https://</label>
			<label index="pages.url_scheme_formlabel">Enforce Protocol</label>
			<label index="pages.palettes.standard">Page</label>
			<label index="pages.hidden_formlabel">Page</label>
			<label index="pages.extendToSubpages_checkbox_1_formlabel">on subpages</label>
			<label index="pages.shortcut_mode_formlabel">Shortcut mode</label>
			<label index="pages.shortcut_mode.I.0">Selected page</label>
			<label index="pages.mount_pid_ol.I.0">This page</label>
			<label index="pages.storage_pid_formlabel">On selected page</label>
			<label index="pages.palettes.language">Language</label>
			<label index="pages.palettes.media">Files</label>
			<label index="pages.hidden_checkbox_1_formlabel">Disable</label>
			<label index="pages.nav_hide_formlabel">In menus</label>
			<label index="pages.subtitle_formlabel">Subtitle</label>
			<label index="pages.url_formlabel">URL</label>
			<label index="pages.urltype_formlabel">Protocol</label>
			<label index="pages.lastUpdated_formlabel">Latest update</label>
			<label index="pages.editlock_formlabel">Editable for</label>
			<label index="pages.editlock_checkbox_1_formlabel">Admins only</label>
			<label index="pages.tabs.resources">Resources</label>
			<label index="pages.no_cache_formlabel">Cache</label>
			<label index="pages.no_cache_checkbox_1_formlabel">Disable</label>
			<label index="pages.no_search_checkbox_1_formlabel">Disable</label>
			<label index="pages.TSconfig_formlabel">TSconfig</label>
			<label index="pages.palettes.title">Title</label>
			<label index="pages.fe_login_mode_formlabel">Login behaviour</label>
			<label index="pages.palettes.visibility">General visibility</label>
			<label index="pages.palettes.access">Access times and rights</label>
			<label index="pages.palettes.abstract">Abstract</label>
			<label index="pages.palettes.metatags">Meta tags</label>
			<label index="pages.palettes.editorial">Editorial</label>
			<label index="pages.palettes.layout">Layout</label>
			<label index="pages.palettes.module">Marked as container for</label>
			<label index="pages.palettes.replace">Replace content</label>
			<label index="pages.palettes.links">Links to this page</label>
			<label index="pages.palettes.caching">Caching</label>
			<label index="pages.palettes.miscellaneous">Miscellaneous</label>
			<label index="pages.palettes.storage">General record storage</label>
			<label index="pages.palettes.config">Special configuration</label>
			<label index="pages.doktype_formlabel">Type</label>
			<label index="pages.title_formlabel">Main title</label>
			<label index="pages.starttime_formlabel">Release time</label>
			<label index="pages.endtime_formlabel">Expiration time</label>
			<label index="pages.fe_group_formlabel">Usergroups and general login response</label>
			<label index="pages.layout_formlabel">Frontend variants</label>
			<label index="pages.extendToSubpages_formlabel">Inherit time and rights settings</label>
			<label index="pages.nav_title_formlabel">Alternative navigation title</label>
			<label index="pages.target_formlabel">Open with these target settings</label>
			<label index="pages.alias_formlabel">Use this alias in simulated paths</label>
			<label index="pages.newUntil_formlabel">Mark as 'New' until</label>
			<label index="pages.cache_timeout_formlabel">Cache lifetime</label>
			<label index="pages.tabs.appearance">Appearance</label>
			<label index="pages.tabs.behaviour">Behaviour</label>
			<label index="pages.no_search_formlabel">Indexed search</label>
			<label index="pages.content_from_pid_formlabel">With content of the selected page</label>
			<label index="pages.mount_pid_formlabel">Mounted page</label>
			<label index="pages.mount_pid_ol.I.1">Mounted page</label>
			<label index="pages.mount_pid_ol_formlabel">Show content of</label>
			<label index="pages.abstract_formlabel">Used internally for teasers and menus</label>
			<label index="pages.keywords_formlabel">Keywords (SEO)</label>
			<label index="pages.description_formlabel">Description (SEO)</label>
			<label index="pages.author_formlabel">Author name</label>
			<label index="pages.author_email_formlabel">Author email</label>
			<label index="pages.media_formlabel">Currently attached to this page</label>
			<label index="pages.is_siteroot_formlabel">Set this page</label>
			<label index="pages.module_formlabel">Selected plugin</label>
			<label index="pages.l18n_cfg_formlabel">Localization</label>
			<label index="pages.nav_hide_checkbox_1_formlabel">hide</label>
			<label index="pages.is_siteroot_checkbox_1_formlabel">As site root</label>
		</languageKey>
	</orig_text>
</T3locallangExt>