<?xml version="1.0" encoding="utf-8" standalone="yes" ?>
<T3locallangExt>
	<data type="array">
		<languageKey index="de" type="array">
			<label index=".description">Alle sichtbaren Inhalte auf Web-Seiten in TYPO3 werden typischerweise mittels &quot;Seiteninhalt&quot;-Datensätzen erzeugt. Sie werden in der Regel als &quot;Inhaltselemente&quot; bezeichnet. Inhaltselemente werden meist durch das Modul &quot;Seite&quot; verwaltet, das dafür eingerichtet ist, Inhalte in mehreren Spalten und mehreren Sprachen zu handhaben.</label>
			<label index=".details">Seiteninhalte sind geordnet und können daher in beliebiger Reihenfolge angeordnet werden. Beachten Sie auch, dass die Auswahlfelder &quot;Spalte&quot; und &quot;Sprache&quot; bestimmen, wo und unter welchen Umständen die Inhalte erscheinen. Wenn Sie diese Werte nicht ändern, können Sie davon ausgehen, dass Ihre Inhalte standardmäßig erscheinen.</label>
			<label index=".image_descr">Das Modul &quot;Seite&quot; wird benutzt, um Inhaltselemente effizient zu verwalten: Sie sind in Spalten und Sprachen arrangiert.
Ein Inhaltselement wird über ein großes Formular mit vielen Optionen bearbeitet. Der &quot;Typ&quot; bestimmt, welche Optionen sichtbar sind.
Im Frontend - der Web-Seite - könnte ein Inhaltselement, wie das oben sichtbare, etwa so aussehen wie hier gezeigt.</label>
			<label index="CType.description">Wählen Sie die Art des Seiteninhalts aus, den dieser Datensatz darstellt. Neue Optionen erscheinen, sobald Sie den Datensatz speichern.</label>
			<label index="CType.details">Der &quot;Typ&quot; des Inhalts-Elements, den Sie auswählen, entscheidet darüber, welche Optionen Ihnen im Formular angezeigt werden. Stellen Sie sicher, dass Sie einen Datensatz sichern, nachdem Sie den Typ geändert haben und bevor Sie weitere Änderungen vornehmen.

Dies ist eine Beschreibung der verschiedenen Typen:

&lt;strong&gt;Überschrift&lt;/strong&gt;
Dieser Typ erlaubt Ihnen ausschließlich, eine Überschrift einzufügen. 
Fast alle anderen Typen erlauben es ebenfalls, eine Überschrift mit genau den selben Optionen anzugeben. Der Typ &quot;Überschrift&quot; bietet also die Möglichkeit, eine Überschrift &lt;em&gt;ohne&lt;/em&gt; irgendetwas anderes einzufügen.

&lt;strong&gt;Text&lt;/strong&gt;
Der Text Typ ermöglicht die Eingabe von normalen Seiteninhalten.

&lt;strong&gt;Text und Bilder&lt;/strong&gt;
Dies entspricht dem Typ &quot;Text&quot; (normale Seiteninhalte) mit der zusätzlichen Option, Bilder anzuhängen.

&lt;strong&gt;Bild&lt;/strong&gt;
Das gleiche wie &quot;Text und Bilder&quot;, aber ohne Textfeld (also nur Bilder).

&lt;strong&gt;Aufzählung&lt;/strong&gt;
Damit können Sie eine Aufzählung erstellen. Jede Zeile des Textfeldes erscheint als ein Punkt in einer Liste.

&lt;strong&gt;Tabelle&lt;/strong&gt;
Bietet die Möglichkeit, &lt;em&gt;einfache&lt;/em&gt; Tabellen zu erstellen. Jede Zeile stellt eine Tabellenzeile dar und vertikale Striche ('|') trennen die Spalten.

&lt;strong&gt;Dateiverweise&lt;/strong&gt;
Präsentiert eine Liste von Dateien zum Herunterladen. Sie können Vorschausymbole zuordnen und die Dateigröße anzeigen lassen.

&lt;strong&gt;Multimedia&lt;/strong&gt;
Damit können Sie Multimediaelemente einfügen, wie z.B. Sound, Video, Java-Applets und Flash-Animationen.

&lt;strong&gt;Formular&lt;/strong&gt;
Lässt Sie Mail-Formulare erstellen. Für die Erstellung von Formular-Feldern gibt es eine spezielle Syntax (siehe Dokumentation).

&lt;strong&gt;Suche&lt;/strong&gt;
Dies fügt ein Suchfeld ein und zeigt auch das Ergebnis der Suche an, wenn diese Seite als Ziel der Suchergebnisse angegeben wird.

&lt;strong&gt;Anmeldeformular&lt;/strong&gt;
Zeigt eine Anmeldemaske für Website-Benutzer an. Sie müssen mindestens einen Website-Benutzer und eine Benutzergruppe anlegen, damit dieser Typ Sinn hat.

&lt;strong&gt;Textbox&lt;/strong&gt;
Dieser Typ ist vorgesehen für maßgeschneiderte Designs, die typisch einigen Text und ein Bild enthalten. In anderen Worten, dieser Typ ist nicht immer verfügbar. Benutzen Sie diesen Typ also nur, wenn Sie dazu angewiesen werden. Es existieren andere Typen zur Anzeige von Text und Bildern.

&lt;strong&gt;Menü/Sitemap&lt;/strong&gt;
Bietet eine Auswahl von verschiedenen Link-Menüs und eine Sitemap, die Sie auf einer Seite einfügen können.

&lt;strong&gt;Datensatz einfügen&lt;/strong&gt;
Dies ist ein Platzhalter für andere Datensätze. Mit anderen Worten: Mit diesem Element können Sie andere Datensätze von anderen Seiten anhängen und damit in diese Seite integrieren.

&lt;strong&gt;Plug-In einfügen&lt;/strong&gt;
Dies erlaubt es Ihnen, ein Forum, ein Gästebuch, eine Adressliste, einen Einkaufskorb etc. einzubinden. Die verschiedenen Möglichkeiten sind &lt;em&gt;nur&lt;/em&gt; dann verfügbar, wenn sie in der Vorlage richtig konfiguriert wurden. Vergewissern Sie sich also, welche Plug-Ins in Ihrer Website verfügbar sind.

&lt;strong&gt;Skript&lt;/strong&gt;
Dies ist reserviert für benutzerdefinierte Zwecke, womit es Ihnen der Vorlagenprogrammierer erlauben kann, spezialisierte Inhalte einzufügen.

&lt;strong&gt;Trenner&lt;/strong&gt;
Damit fügen Sie eine Trennlinie ein.

&lt;strong&gt;HTML&lt;/strong&gt;
Dies ist reiner HTML-Inhalt. Alles, was hier eingegeben wird, wird ohne weitere Verarbeitung auf der Seite angezeigt.</label>
			<label index="hidden.description">Ist diese Option aktiviert, wird das Element nicht auf der Seite angezeigt.</label>
			<label index="starttime.description">Geben Sie das Datum ein, ab dem das Element sichtbar sein wird. Wie in allen Datumsfeldern können Sie &quot;d&quot; eingeben, um das aktuelle Datum zu erhalten und Sie können einfach Tage addieren oder subtrahieren: mit &quot;d+7&quot; etwa erhalten Sie das Datum in einer Woche.</label>
			<label index="endtime.description">Geben Sie das Datum ein, ab dem das Element von der Website verschwindet. Wie in allen Datumsfeldern können Sie &quot;d&quot; eingeben, um das aktuelle Datum zu erhalten und Sie können einfach Tage addieren oder subtrahieren: mit &quot;31-12-2004-7&quot; etwa erhalten Sie das Datum eine Woche vor Sylvester 2004.</label>
			<label index="fe_group.description">Wählen Sie eine Benutzergruppe aus, die als einzige befugt ist, das Element zu betrachten.</label>
			<label index="fe_group.details">Die Optionen in diesem Auswahlfeld sind davon abhängig, welche Benutzergruppen erstellt wurden und für Sie verfügbar sind. Wenn Sie hier eine Benutzergruppe auswählen, wird das Element nicht mehr für Anwender sichtbar sein, die nicht angemeldet sind. Nur angemeldete Benutzer, die Mitglied der ausgewählten Gruppe sind, bekommen das Element zu sehen.

&quot;Anzeigen, wenn angemeldet&quot; erweitert die Anzeige: solche Inhalte werden nur angemeldeten Benutzern gezeigt, aber unabhängig davon, welcher Gruppe sie angehören.

&quot;Nach Anmeldung verbergen&quot; bewirkt das genaue Gegenteil, d.h. das Element &lt;em&gt;verschwindet&lt;/em&gt;, wenn &lt;em&gt;irgendein&lt;/em&gt; Benutzer angemeldet ist. Dies ist z.B. sinnvoll, um Informationen wie &quot;Wie melde ich mich an?&quot; oder ähnliches anzuzeigen, die irrelevant sind, wenn der Benutzer letzlich angemeldet ist.</label>
			<label index="sys_language_uid.description">Wählen Sie die Systemsprache des Elements aus. Beachten Sie, dass dies Einfluss darauf hat, ob das Element sichtbar ist.</label>
			<label index="sys_language_uid.details">Dies erlaubt es Ihnen, dem Element eine spezifische Sprache zuzuordnen. Falls Sie etwas anderes als die Standardsprache auswählen, wird das Element &lt;em&gt;nicht&lt;/em&gt; sichtbar sein, solange diese Sprache nicht in der Vorlage konfiguriert wurde.
Die verfügbaren Systemsprachen werden vom Administrator eingestellt.</label>
			<label index="layout.description">Wählen Sie ein Layout aus.</label>
			<label index="layout.details">Diese Option wird von den Standardvorlagen nicht verwendet und kann für benutzerdefinierte Ansichten verwendet werden.

Es gibt einige Standardimplementierungen, die vom Inhaltstyp abhängig sind:

&lt;b&gt;&quot;Dateiverweise&quot;:&lt;/b&gt;
&quot;Normal&quot; erzeugt eine Liste ohne Vorschau-Symbole.
&quot;Layout 1&quot; fügt ein Dateisymbol links vom Link ein.
&quot;Layout 2&quot; Fügt ein Vorschausymbol ein, falls die Datei ein Bild ist. Ein schwarzer Rahmen wird hinzugefügt.
&quot;Layout 3&quot; ist wie Layout 2, aber ohne schwarzen Rahmen.</label>
			<label index="colPos.description">Wählen Sie die Spaltenposition des Elements. Beachten Sie, dass damit die Sichtbarkeit des Elements beeinflusst wird.</label>
			<label index="colPos.details">Die meisten Web-Auftritte verwenden nur eine Spalte für Inhalte. Manche Vorlagen lassen Sie jedoch Inhalte in mehrere Spalten einfügen und diese Option erlaubt es Ihnen, eine andere Spalte auszuwählen.

&lt;strong&gt;Beachten Sie,&lt;/strong&gt; dass die Auswahl einer anderen Spalte als &quot;Normal&quot; das Inhaltselement verschwinden lässt, solange diese Spalte nicht auch von der Vorlage vorgesehen ist. Normalerweise werden allerdings Spalten, die die Vorlage nicht darstellt, auch nicht angeboten. Falls Ihr Inhalt aber &quot;seltsamerweise&quot; nicht sichtbar ist, stellen Sie bitte sicher, dass Spalte und Sprache richtig ausgewählt wurden.

Beachten Sie bitte ausserdem, dass der Begriff &quot;Spalte&quot; nicht zu wörtlich genommen werden sollte. Es gibt durchaus Vorlagen, die die &quot;Spalten&quot; ganz anders im Web-Auftritt anzeigen, z.B. könnte die Spalte &quot;Links&quot; im oberen Bereich und die Spalte &quot;Rechts&quot; im unteren Bereich angezeigt werden.</label>
			<label index="date.description">Geben Sie ein Datum ein, das oberhalb der Überschrift angezeigt wird.</label>
			<label index="header.description">Geben Sie eine Überschrift für das Inhaltselement ein.</label>
			<label index="header.details">Fast alle Elemente (außer z.B. HTML) können eine Überschrift vor dem Inhalt anzeigen. Falls Sie nicht wollen, dass ein Titel angezeigt wird, wählen Sie den Überschriftstyp &quot;verborgen&quot; aus. Alternativ können Sie das Feld auch leer lassen.

Einige Inhaltselemente zeigen die Überschrift standardmäßig nicht an. In solchen Fällen wird das Feld &quot;Name&quot; genannt. Einer dieser Typen ist &quot;HTML&quot;.</label>
			<label index="header_position.description">Richtet die Überschrift links, mittig oder rechts aus.</label>
			<label index="header_link.description">Macht aus der Überschrift auch einen Link. Geben Sie eine Seitennummer, E-Mail-Adresse oder URL ein.</label>
			<label index="header_link.syntax">Wenn Sie eine ID-Nummer, z.B. &quot;51&quot; eingeben, verweist die Überschrift auf die Seite mit der id=51 &lt;em&gt;innerhalb&lt;/em&gt; Ihres TYPO3-Web-Auftritts.
Wenn Sie eine E-Mail-Adresse, z.B.. &quot;name@my-domain.test&quot; eingeben, wird der Link auf diese E-Mail-Adresse zeigen.
Wenn Sie eine URL oder Domäne eingeben, z.B. &quot;www.typo3.com&quot; oder &quot;http://www.my-domain.org&quot;, wird der Link auf diese externe Website zeigen.</label>
			<label index="header_layout.description">Wählen Sie ein Layout für die Überschrift aus.</label>
			<label index="header_layout.details">Wenn Sie &quot;Normal&quot; auswählen, wird das Standardlayout (eines der Layouts 1-5) verwendet. Der Standard ist in der Vorlage festgelegt.
Alternativ können Sie auch ein Layout ausdrücklich (von 1 bis 5) festlegen, das in der Vorlage der Website individuell konfiguriert ist.
Wenn Sie &quot;Verborgen&quot; auswählen, erscheint die Überschrift einfach nicht. Dies ist hilfreich, wenn Sie dem Element einen Namen geben wollen (um es im Backend zu identifizieren), auf der Seite aber keine Überschrift erscheinen soll.</label>
			<label index="subheader.description">Geben Sie einen Untertitel ein. Dieser wird unterhalb der Überschrift angezeigt. Falls es sich um den Inhaltstyp &quot;Formular&quot; handelt, ist hier die E-Mail-Adresse des Empfängers einzutragen.</label>
			<label index="subheader.details">Ein Untertitel wird nur für den Inhaltstyp &quot;Überschrift&quot; angezeigt.

&lt;b&gt;Hinweis:&lt;/b&gt; Wenn Inhalte des Typs &quot;Formular&quot; eingesetzt werden, wird dieses Feld &quot;E-Mail-Empfänger:&quot; benannt und enthält die E-Mail-Adresse des Formularempfängers. Daher ist es wichtig, dass die Anwender Zugriff auf dieses Feld bekommen.</label>
			<label index="bodytext.description">Geben Sie hier den Inhalt ein.</label>
			<label index="bodytext.details">Geben Sie hier den Text des Inhaltselements ein. Oft können Sie diesen Text mit einem &quot;Rich-Text-Editor&quot; bearbeiten, der einem einfachen Textverarbeitungssystem ähnelt (siehe unten). Manchmal sehen Sie nur ein einfaches Eingabefeld, z.B. dann, wenn der Text nicht formatierbar ist.

Dieses Feld wird in fast allen Inhaltstypen verwendet, so dass beim Wechsel zwischen Typen der Inhalt dieses Feldes nicht verloren ist. Sie können den Typ gefahrlos umschalten und nötigenfalls jederzeit zum alten Typ zurückschalten.

&lt;b&gt;Text&lt;/b&gt; und &lt;b&gt;Text und Bilder:&lt;/b&gt;
Wenn Sie als Inhaltstyp &quot;Text&quot; oder &quot;Text und Bilder&quot; wählen, ist der Inhalt normaler Text. Jeder harte Zeilenumbruch bewirkt einen neuen Absatz, Sie können das spezielle TYPO3-Tag &amp;lt;LINK&amp;gt; zur Erzeugung eines Links verwenden. Sie können auch verschiedene HTML-Tags verwenden, mit Einschränkungen.

&lt;b&gt;Aufzählung:&lt;/b&gt;
Wenn Sie den Typ &quot;Aufzählung&quot; ausgewählt haben, ist jede Zeile ein Listeneintrag.

&lt;b&gt;Tabelle:&lt;/b&gt;
Wenn der Typ &quot;Tabelle&quot; ist, so repräsentiert jede Zeile eine Tabellenzeile. Innerhalb jeder Zeile werden die Spalten durch einen vertikalen Strich getrennt: &quot;|&quot;. Eine Tabellenzeile mit drei Spalten könnte so aussehen:
&quot;Dies ist Spalte 1 | Spalte 2 hier | Dritte Spalte!&quot;

&lt;b&gt;Skript&lt;/b&gt;, &lt;b&gt;Formular&lt;/b&gt;, &lt;b&gt;Multimedia&lt;/b&gt; und &lt;b&gt;HTML:&lt;/b&gt;
Typen wie &quot;Skript&quot;, &quot;Formular&quot; und &quot;Multimedia&quot; benutzen das Feld für Parameter, die Sie dem Element übergeben können. Und der &quot;HTML&quot;-Typ akzeptiert jede Eingabe als reines HTML, das ohne weitere Bearbeitung auf der Web-Seite ausgegeben wird.

&lt;strong&gt;Rich Text Editor:&lt;/strong&gt;
Für die Typen &quot;Text&quot;, &quot;Text und Bilder&quot; und &quot;Rich Text&quot; wird der Rich-Text-Editor benutzt, vorausgesetzt, dass der Editor grundsätzlich aktiviert ist. Dann haben Sie eine mehr oder minder umfangreiche Werkzeugleiste zur Verfügung, um den Text zu formatieren. Alle Einschränkungen sind beabsichtigt: die &lt;b&gt;Vorlage&lt;/b&gt; ist in der Regel für Formatierung verantwortlich und so beschaffen, dass ein angemessenes, einheitliches Aussehen aller Seiten einer Website garantiert ist. Beachten Sie auch, dass der Inhalt bezüglich HTML &quot;gereinigt&quot; wird, bevor er in die Datenbank geschrieben wird.

Ist der &quot;Rich-Text-Editor&quot; in Ihrem Browser nicht verfügbar, dann sehen Sie stattdessen einfaches HTML, dass Sie auch bearbeiten dürfen, wenn Sie die nötigen Kenntnisse haben. Wenden Sie sich bitte an ihre Administratoren, um, bei Bedarf, eine Grundausbildung in HTML oder den &quot;Rich-Text-Editor&quot; zu bekommen.

&lt;b&gt;Ein Mail-Formular erstellen:&lt;/b&gt;
Wenn Sie den Inhaltstyp &quot;Formular&quot; ausgewählt haben, sollten Sie Parameter in dieses Feld eingeben. Dies ist ein kurzes Beispiel:

&lt;nobr&gt;
Ihr Name: | *name=input,40 | [Name eingeben!]
Ihre E-Mail-Adresse: | *email=input,40
Ihre Adresse: | adresse=textarea,40,10
Ihre Haarfarbe: |haar=radio|Blau=blau, Rot=rot

|formtype_mail = submit | Formular senden
|subject=hidden| Betrifft: meine Daten
|html_enabled=hidden | 1
&lt;/nobr&gt;

Die ersten zwei Zeilen erzeugen Eingabefelder für Name und E-Mail, beide sind mit einem &quot;*&quot; als &quot;benötigt&quot; markiert und das name-Feld hat einen Standardwert: &quot;[Name eingeben!]&quot;.
Die dritte Zeile ist ein Textfeld und die vierte Zeile erstellt Radioknöpfe für die Haarfarbe. Alle vier Zeilen haben je eine Beschriftung

Am Schluss folgen drei wichtige Zeilen. Die erste erzeugt eine Sende-Schaltfläche mit der Aufschrift &quot;Formular senden&quot;, die zweite Zeile ist der Betreff der E-Mail und die dritte Zeile sorgt dafür, dass das Ergebnis als HTML-Tabelle verschickt wird.
Es ist oft einfacher, den Formularassistenten zu benutzen, klicken Sie dazu
auf das Symbol rechts neben dem Eingabefeld.

&lt;b&gt;Hinweis:&lt;/b&gt; Bevor ein Formular funktionieren kann, müssen Sie eine Empfängeradresse angeben. Das Feld &quot;E-Mail-Empfänger:&quot; ist hierfür vorgesehen (das bei anderen Typen als Untertitel benutzt wird).</label>
			<label index="text_align.description">Richtet den Text links, mittig oder rechts aus.</label>
			<label index="text_align.details">Siehe Seiteninhalt / Schriftart für Kommentare.

&lt;b&gt;Hinweis:&lt;/b&gt; Diese Option ist wirkungslos, wenn Ihre Website CSS verwendet.</label>
			<label index="text_face.description">Wählen Sie eine Schriftart für den Text aus.</label>
			<label index="text_face.details">&lt;strong&gt;Hinweis:&lt;/strong&gt; Diese Optionen sind nur für spezielle Designs gedacht. Das normale Design sollte stattdessen in der Vorlage definiert werden. Des weiteren sollten Sie diese Option &lt;em&gt;nicht&lt;/em&gt; einsetzen, wenn Ihre Vorlage auf Stylesheets (CSS) aufbaut.</label>
			<label index="text_size.description">Wählen Sie eine Schriftgröße für den Text aus.</label>
			<label index="text_size.details">Siehe Seiteninhalt / Schriftart für Kommentare.

&lt;b&gt;Hinweis:&lt;/b&gt; Diese Option ist wirkungslos, wenn Ihre Website CSS verwendet.</label>
			<label index="text_color.description">Wählen Sie eine Schriftfarbe für den Text aus.</label>
			<label index="text_color.details">Siehe Seiteninhalt / Schriftart für Kommentare.

&lt;b&gt;Hinweis:&lt;/b&gt; Diese Option ist wirkungslos, wenn Ihre Website CSS verwendet.</label>
			<label index="text_properties.description">Wählen Sie zusätzliche Schriftattribute für den Text aus.</label>
			<label index="text_properties.details">Diese Optionen wählen Schrifteigenschaften für den gesamten Text aus. Falls Sie nur einen Teil des Textes formatieren möchten, nutzen Sie besser die Formatierungsfunktionen des Rich-Text-Editors. Alternativ können Sie auch HTML-Tags verwenden:

&amp;lt;B&amp;gt;&lt;strong&gt;Dies ist fettgedruckt&lt;/strong&gt;&amp;lt;/B&amp;gt;
&amp;lt;I&amp;gt;&lt;em&gt;Dies ist kursiv&lt;/em&gt;&amp;lt;/I&amp;gt;
&amp;lt;U&amp;gt;&lt;u&gt;Dies ist unterstrichen&lt;/u&gt;&amp;lt;/U&amp;gt;

Siehe Seiteninhalt / Schriftart für Kommentare.

&lt;b&gt;Hinweis:&lt;/b&gt; Diese Option ist wirkungslos, wenn Ihre Website CSS verwendet. Die Formatierung einzelner Textstellen, wie gezeigt, funktioniert dagegen in der Regel auch mit CSS.</label>
			<label index="image.description">Fügt ein oder mehrere Bilder ein.</label>
			<label index="image.details">Sie können dem Element Bilder in fast beliebiger Anzahl hinzufügen. 
Abhängig von Ihrer TYPO3-Konfiguration können Sie Bilder in fast jedem Format anfügen. Sie müssen sich insbesondere keine Gedanken über Größe oder Kompression machen, da diese Faktoren normalerweise TYPO3-intern gehandhabt werden.

Wenn Sie &quot;Text und Bilder&quot; verwenden, ist es wichtig, die richtige Position des Bildblocks auszuwählen. Für diesen Zweck nutzen Sie die Positionsauswahl, die unterhalb des Textfelds gezeigt wird. Siehe Link zu Seiteninhalt&gt;Position unten.

Sie können Bilder auch in mehreren Spalten anordnen und eine Option aktivieren, mit der Sie durch Anklicken des kleinen Bildes eine größere Version des Bildes ansehen können. Um nur ein paar Optionen zu nennen. 
Sehr wahrscheinlich stehen Ihnen gar nicht alle Optionen zur Verfügung. Dies hängt von Ihren Berechtigungen im System ab.</label>
			<label index="image.image_descr">Hier sehen Sie alle Optionen, die sich auf das Einfügen von Bildern in Inhaltselementen beziehen. Möglicherweise stehen Ihnen nicht alle Optionen zur Verfügung.</label>
			<label index="imagewidth.description">Geben Sie die Breite des Bildes (in Pixeln) an.</label>
			<label index="imagewidth.details">Normalerweise ist die Vorlage für eine maximale Bildbreite ausgelegt und daher müssen Sie die Breite nicht angeben, wenn das Bild perfekt in diese Abmessungen passt. Trotzdem haben Sie hier die Gelegenheit, die Breite ausdrücklich zu definieren.</label>
			<label index="imageheight.description">Geben Sie die Höhe des Bildes (in Pixeln) an.</label>
			<label index="imageorient.description">Wählen Sie die Position des Bilderblocks relativ zum Text.</label>
			<label index="imageorient.details">Die Positionen über und unter dem Text sind von sich aus verständlich.

Die Optionen &quot;Im Text&quot; bedeuten, dass die Bilder vom Text umflossen werden. Wenn Sie dies auswählen, wir die Vorlage die Bilder wahrscheinlich verkleinern, weil es nicht den gleichen Raum einnehmen kann, wenn Text drum herum fließen soll.

Wenn Sie &quot;Im Text&quot; benutzen, können Sie die Optionen oberhalb und unterhalb von &quot;Kein Umbruch&quot; auswählen. Wenn Sie &quot;Im Text&quot; oberhalb auswählen, wird der Text &lt;em&gt;unter&lt;/em&gt; dem Bilderblock weiter fließen, sobald der Text das untere Ende des Bilderblocks erreicht hat. Wenn Sie &quot;Im Text&quot; unter dem &quot;Kein Umbruch&quot;-Trenner auswählen, wird der Text nicht unter dem Bild weiter laufen, sondern in seiner Spalte bleiben.

Abgesehen vom Aussehen gibt es auch einen technischen Unterschied. Wenn Sie den Text um den Bilderblock herum fließen lassen, werden Sie ein seltsames Phänomen festellen, falls Sie nicht genug Text haben, um unter dem Bild weiter zu laufen: Sie werden feststellen, dass folgende Seiteninhalte über dem Bilderblock dargestellt werden - und dies sieht wie ein Fehler aus. Dies ist einfach zu beheben, indem Sie die entsprechende Position unter dem &quot;Kein Umbruch&quot;-Trenner auswählen.</label>
			<label index="imageborder.description">Wählen Sie diese Option, wenn das Bild einen farbigen Rahmen erhalten soll.</label>
			<label index="image_noRows.description">Schaltet durchgehende Zeilen im Bilderblock ab.</label>
			<label index="image_noRows.details">Diese Option ist schwer zu erklären, aber stellen Sie sich vor, Sie haben zwei oder mehr Spalten &lt;em&gt;und&lt;/em&gt; Zeilen von Bildern. 
Wenn ein Bild in der obersten Reihe etwas größer ist als ein daneben stehendes, entsteht etwas freier Raum unter dem kleineren Bild. Dies liegt daran, dass die Bilder standardmäßig in Reihen angeordnet sind.
Wenn Sie dagegen die Option &quot;Keine Reihen&quot; aktivieren, werden alle Bilder einer Spalte &lt;em&gt;direkt&lt;/em&gt; untereinander platziert, so dass kein freier Raum unter kleineren Bildern entsteht. Dies mag besser aussehen, falls die Alternative mit Reihen nicht gut aussieht.</label>
			<label index="image_link.description">Geben Sie einen Link für die Bilder ein.</label>
			<label index="image_link.details">Standardmäßig haben alle Bilder denselben Link. Sie können aber Ihren Administrator darum bitten, die TYPO3-Vorlage so zu ändern, dass jedes Bild seinen eigenen Link erhält. Wenn dies der Fall ist, trennen Sie die einzelnen Links einfach mit einem Komma.

Einzelheiten zur Syntax erhalten Sie unten über Seiteninhalt &gt; Link.</label>
			<label index="image_zoom.description">Markieren Sie diese Option und das Bild wird auf ein neues Fenster mit einer größeren Ansicht verlinkt.</label>
			<label index="image_zoom.details">Diese Option überschreibt den Wert des Link-Feldes.</label>
			<label index="image_effects.description">Wählen Sie spezielle Bildbearbeitungseffekte aus.</label>
			<label index="image_frames.description">Wählen Sie spezielle Rahmenoptionen aus.</label>
			<label index="image_compression.description">Wählen Sie Qualitäts- und Kompressionsoptionen aus.</label>
			<label index="imagecols.description">Wählen Sie die Anzahl der Spalten des Bilderblocks aus.</label>
			<label index="imagecaption.description">Geben Sie eine Bildunterschrift ein.</label>
			<label index="imagecaption.details">Normalerweise wird die Bildunterschrift unter dem gesamten Bilderblock angezeigt. Die Vorlage der Website kann jedoch so programmiert werden, dass sie individuelle Bildunterschriften anzeigt, indem in den Vorlagenkonstanten &quot;styles.content.imgtext.captionSplit=1&quot; gesetzt wird. 
In diesem Fall entspricht jede Zeile der Bildunterschrift je eines Bildes.

Das Feld wird außerdem vom Inhaltstypen &quot;Dateiverweise&quot; verwendet, wobei jede Zeile der Beschreibung einer Datei in der Liste entspricht.</label>
			<label index="imagecaption_position.description">Richtet die Bildunterschrift links, zentriert oder rechts aus.</label>
			<label index="cols.description">Wählen Sie eine feste Anzahl an Spalten aus.</label>
			<label index="pages.description">Seite(n) einfügen</label>
			<label index="pages.details">Mit diesem Feld können Sie eine Beziehung zu einer Seite (oder mehreren) in TYPO3 herstellen. Dieses Feld wird von mehreren Inhaltstypen verwendet. Wenn Sie hier keine Seite angeben, wird grundsätzlich die aktuelle Seite verwendet.

Für den Typ &quot;&lt;b&gt;Suche&lt;/b&gt;&quot; beinhaltet das Feld die Seite, auf der das Suchergebnis angezeigt wird. Sie müssen sicherstellen, dass das Ziel ein solches &quot;Suche&quot;-Element (oder etwas ähnliches) besitzt, um das Ergebnis darzustellen. Ansonsten ist es nicht sinnvoll.

Das Element &quot;&lt;b&gt;Anmeldeformular&lt;/b&gt;&quot; benutzt dies Feld ebenfalls, um den angemeldeten Benutzer auf eine neue Seite zu umzuleiten. Dieses Ziel benötigt allerdings kein Anmeldeformularelement, um die Anmeldung durchzuführen - Sie können den Anwender auf jede beliebige TYPO3-Seite weiterleiten!

Wenn Sie in der Liste eine zweiter Seite angeben, so wird diese Seite an das Anmeldesystem als diejenige Seite weitergeleitet, wo die Datenbank der Anwender zu finden ist. Sie sollten dies nur verwenden, wenn Ihre Vorlage diesen Wert nicht von sich aus weiterleitet.

Damit die Anmeldung funktioniert, müssen Sie sicherstellen, dass 1) Sie einen Benutzer und eine Benutzergruppe erstellt haben, 2) Sie in der Vorlage definiert haben, auf welcher Seite (typisch ein SysOrdner) die Benutzer gefunden werden können - oder sie haben dies durch die zweite Seite in der Seitenliste getan, 3) Cookies im Browser des Anwenders aktiviert sind.

Der Inhaltstyp &quot;&lt;b&gt;Menü/Sitemap&lt;/b&gt;&quot; benutzt dieses Feld ebenfalls. In diesem Fall wird damit spezifiziert, von welcher Seite aus das Menü erzeugt wird oder enthält sogar diejenigen Seiten, auf die das Menü verweist. All dies hängt vom ausgewählten Untertyp ab.

Schließlich benutzt das Element &quot;&lt;b&gt;Formular&lt;/b&gt;&quot; dieses Feld als Angabe, welche Seite nach Absenden des Formulars angezeigt wird. Sie können auf diese Art eine &quot;Vielen Dank&quot;-Seite für das Mail-Formular erstellen.</label>
			<label index="recursive.description">Entscheiden Sie, wie viele Unterebenen für jeder der ausgewählten Seiten zusätzlich ausgewählt werden sollen.</label>
			<label index="recursive.details">Ob diese Funktion sinnvoll ist, entscheidet die Vorlage und/oder der Inhaltstyp. Aber grundsätzlich bedeutet die Aktivierung dieser Option, dass alle Unterseiten der ausgewählten Seiten in &quot;Ausgangspunkt&quot; bis zur gewählten Tiefe ebenfalls ausgewählt werden!

&lt;strong&gt;Warnung:&lt;/strong&gt; Falls es viele Unterseiten gibt, sollten sie mit dieser Option vorsichtig umgehen. Sie könnten eine unglaubliche Anzahl an Seiten auswählen!</label>
			<label index="menu_type.description">Wählen Sie, welche Art von Menü Sie erstellen wollen.</label>
			<label index="menu_type.details">Dies ist eine kurze Beschreibung jedes Typs:

&lt;strong&gt;Menü dieser Seiten&lt;/strong&gt;
Dies erzeugt eine Liste von Links auf die in &quot;Ausgangspunkt&quot; angegebenen Seiten.

&lt;strong&gt;Menü der Unterseiten&lt;/strong&gt;
Dies erzeugt eine Liste von Links auf die in &quot;Ausgangspunkt&quot; angegebenen Seiten und deren Unterseiten. Wenn Sie keine Startseite(n) angeben, werden die Unterseiten der aktuellen Seite aufgelistet.

&lt;strong&gt;Menü der Unterseiten (mit Inhaltsangabe)&lt;/strong&gt;
Wie das Vorherige. Aber dieses enthält den Inhalt des Feldes &quot;Inhaltsangabe&quot; jeder Seite.

&lt;strong&gt;Menü der Unterseiten (mit Seiteninhalt)&lt;/strong&gt;
Wie das Vorherige, inklusive 'Untermenü'-Links auf alle Seiteninhalte der Seite deren Index-Feld markiert ist.

&lt;strong&gt;Sitemap&lt;/strong&gt;
Erzeugt einen klassischen Sitemap-Baum. Vielleicht definiert Ihre Vorlage eine andere Ansicht, aber Sie bekommen eine Sitemap. Beachten Sie, dass die Sitemap auf der aktuellen Seite beginnt, es sei denn, Sie definieren einen davon abweichenden &quot;Ausgangspunkt&quot;.

&lt;strong&gt;Abschnittsübersicht (mit Seiteninhalt)&lt;/strong&gt;
Dies erzeugt ein Menü der Seiteninhalte dieser (oder der in &quot;Ausgangspunkt&quot; ausgewählten) Seite. Gut geeignet, um einen Index am Anfang umfangreicher Seiten zu erstellen.
Beachten Sie, dass alle Elemente angezeigt werden, deren Index-Feld markiert ist. Falls Sie einige Elemente in der Liste nicht angezeigt bekommen möchten, so deaktivieren Sie das Index-Feld für diese Elemente.

&lt;strong&gt;Geänderte Seiten&lt;/strong&gt;
Zeigt die 10 zuletzt geänderten Seiten an. 
&lt;strong&gt;Hinweis:&lt;/strong&gt; Wenn Sie eine Seite ändern und die Liste sich nicht ändert, löschen Sie einfach den Cache dieser Seite und das Problem ist behoben.

&lt;strong&gt;Verwandte Seiten (nach Stichworten)&lt;/strong&gt;
Zeigt verwandte Seiten basierend auf den Stichworten dieser Seite verglichen mit den Stichworten anderer Seiten an.

Hinweis: Für viele der beschriebenen Menütypen ist der Startpunkt die aktuelle Seite. Davon abweichend können Sie jede andere Seite (oder sogar mehrere) als Startpunkt festlegen, indem Sie sie in die Liste &quot;Ausgangspunkt&quot; aufnehmen. Siehe Link unten.</label>
			<label index="list_type.description">Wählen Sie das einzufügende Plug-In aus. (Verfügbarkeit hängt von der Vorlage ab).</label>
			<label index="list_type.details">Die Liste der Plug-Ins, die Sie auf der Seite einfügen können. Die verfügbaren Plug-Ins hängen davon ab, welche Erweiterungen installiert sind.</label>
			<label index="select_key.description">Geben Sie einen Code ein.</label>
			<label index="select_key.details">Ob ein Code verwendet wird und wie er interpretiert wird, ist vom Kontext abhängig. Heutzutage gilt er als überholt.</label>
			<label index="table_bgColor.description">Wählen Sie eine Hintergrundfarbe für die Tabelle.</label>
			<label index="table_border.description">Wählen Sie eine Rahmenbreite für die Tabelle.</label>
			<label index="table_cellspacing.description">Wählen Sie einen Zellenabstand für die Tabellenelemente.</label>
			<label index="table_cellspacing.details">Zellenabstand ist der Abstand zwischen Zellen in Zeilen und Spalten. Die Distanz wird in allen Richtungen gleich angewandt: oben, unten, links und rechts.</label>
			<label index="table_cellpadding.description">Wählen Sie einen Zelleninnenabstand.</label>
			<label index="table_cellpadding.details">Mit Zelleninnenabstand bestimmen Sie den &quot;inneren&quot; Rand einer Zelle, also den Abstand zwischen Zellenrand und Zelleninhalt in Pixeln.</label>
			<label index="media.description">Fügen Sie der Liste Dateien hinzu.</label>
			<label index="multimedia.description">Fügen Sie hier das Multimediaelement ein, z.B. eine Flash-Animation.</label>
			<label index="filelink_size.description">Markieren Sie dieses Feld, wenn Sie Dateigrößen angezeigt bekommen möchten.</label>
			<label index="records.description">Fügen Sie Verweise auf Datensätze ein.</label>
			<label index="spaceBefore.description">Geben Sie den Abstand (in Pixeln) ein, der vor diesem Inhalt eingefügt werden soll.</label>
			<label index="spaceAfter.description">Geben Sie den Abstand (in Pixeln) ein, der nach diesem Inhalt eingefügt werden soll.</label>
			<label index="section_frame.description">Wählen Sie eine Rahmenoption für das Element aus.</label>
			<label index="splash_layout.description">Wählen Sie das Design des Textfeldes aus.</label>
			<label index="splash_layout.details">&lt;strong&gt;Hinweis:&lt;/strong&gt; Die Textbox hat einige Standardansichten, ist aber hauptsächlich für benutzerspezifische Anwendungen gedacht. Daher hängt die Verfügbarkeit von Funktionen von der Vorlage ab.</label>
			<label index="sectionIndex.description">Falls markiert, taucht der Seiteninhalt in Menüs auf.</label>
			<label index="sectionIndex.details">Siehe Details zum Menütyp (unten klicken).</label>
			<label index="linkToTop.description">Falls markiert, erscheint ein kleiner &quot;Nach oben&quot;-Link nach dem Inhaltselement.</label>
			<label index="rte_enabled.description">Der Rich-Text-Editor wird für dieses Element deaktivert, falls diese Option markiert ist (&lt;em&gt;nur für dieses Element&lt;/em&gt;).</label>
			<label index="pi_flexform.description">FlexForm-Konfiguration von Plug-Ins</label>
			<label index="pi_flexform.details">Manche Plug-Ins erfordern eine Konfiguration ihrer Optionen. Sie können dies Feld für FlexForm-basierte Konfigurationseinstellungen (als XML gespeichert) benutzen.</label>
		</languageKey>
	</data>
	<orig_hash type="array">
		<languageKey index="de" type="array">
			<label index=".description" type="integer">112696006</label>
			<label index=".details" type="integer">87408744</label>
			<label index=".image_descr" type="integer">101723614</label>
			<label index="CType.description" type="integer">234975124</label>
			<label index="CType.details" type="integer">102208438</label>
			<label index="hidden.description" type="integer">25976972</label>
			<label index="starttime.description" type="integer">77152936</label>
			<label index="endtime.description" type="integer">186022731</label>
			<label index="fe_group.description" type="integer">12088306</label>
			<label index="fe_group.details" type="integer">238179426</label>
			<label index="sys_language_uid.description" type="integer">83193306</label>
			<label index="sys_language_uid.details" type="integer">236252156</label>
			<label index="layout.description" type="integer">228016604</label>
			<label index="layout.details" type="integer">186116634</label>
			<label index="colPos.description" type="integer">247799393</label>
			<label index="colPos.details" type="integer">36180560</label>
			<label index="date.description" type="integer">172838477</label>
			<label index="header.description" type="integer">258566451</label>
			<label index="header.details" type="integer">241858941</label>
			<label index="header_position.description" type="integer">129245045</label>
			<label index="header_link.description" type="integer">192941932</label>
			<label index="header_link.syntax" type="integer">58311088</label>
			<label index="header_layout.description" type="integer">177798699</label>
			<label index="header_layout.details" type="integer">210804488</label>
			<label index="subheader.description" type="integer">258436767</label>
			<label index="subheader.details" type="integer">89143048</label>
			<label index="bodytext.description" type="integer">16432077</label>
			<label index="bodytext.details" type="integer">31968824</label>
			<label index="text_align.description" type="integer">238240695</label>
			<label index="text_align.details" type="integer">63899888</label>
			<label index="text_face.description" type="integer">117416805</label>
			<label index="text_face.details" type="integer">166251742</label>
			<label index="text_size.description" type="integer">229916089</label>
			<label index="text_size.details" type="integer">63899888</label>
			<label index="text_color.description" type="integer">35741196</label>
			<label index="text_color.details" type="integer">63899888</label>
			<label index="text_properties.description" type="integer">87881120</label>
			<label index="text_properties.details" type="integer">2350345</label>
			<label index="image.description" type="integer">161474510</label>
			<label index="image.details" type="integer">69654330</label>
			<label index="image.image_descr" type="integer">142853685</label>
			<label index="imagewidth.description" type="integer">158161907</label>
			<label index="imagewidth.details" type="integer">133097899</label>
			<label index="imageheight.description" type="integer">114105674</label>
			<label index="imageorient.description" type="integer">200966363</label>
			<label index="imageorient.details" type="integer">140490777</label>
			<label index="imageborder.description" type="integer">50620620</label>
			<label index="image_noRows.description" type="integer">21457470</label>
			<label index="image_noRows.details" type="integer">149921441</label>
			<label index="image_link.description" type="integer">249648538</label>
			<label index="image_link.details" type="integer">122933738</label>
			<label index="image_zoom.description" type="integer">161499693</label>
			<label index="image_zoom.details" type="integer">6620959</label>
			<label index="image_effects.description" type="integer">177685340</label>
			<label index="image_frames.description" type="integer">89442767</label>
			<label index="image_compression.description" type="integer">8480021</label>
			<label index="imagecols.description" type="integer">70204645</label>
			<label index="imagecaption.description" type="integer">259744768</label>
			<label index="imagecaption.details" type="integer">206087202</label>
			<label index="imagecaption_position.description" type="integer">196983678</label>
			<label index="cols.description" type="integer">11984393</label>
			<label index="pages.description" type="integer">57504831</label>
			<label index="pages.details" type="integer">226716837</label>
			<label index="recursive.description" type="integer">165135760</label>
			<label index="recursive.details" type="integer">52636494</label>
			<label index="menu_type.description" type="integer">78467976</label>
			<label index="menu_type.details" type="double">14324298</label>
			<label index="list_type.description" type="integer">72710976</label>
			<label index="list_type.details" type="integer">253928229</label>
			<label index="select_key.description" type="integer">172652721</label>
			<label index="select_key.details" type="integer">6713527</label>
			<label index="table_bgColor.description" type="integer">62940699</label>
			<label index="table_border.description" type="integer">186608350</label>
			<label index="table_cellspacing.description" type="integer">194710286</label>
			<label index="table_cellspacing.details" type="integer">181817887</label>
			<label index="table_cellpadding.description" type="integer">101686341</label>
			<label index="table_cellpadding.details" type="integer">197299652</label>
			<label index="media.description" type="integer">29319306</label>
			<label index="multimedia.description" type="integer">128801529</label>
			<label index="filelink_size.description" type="integer">167875412</label>
			<label index="records.description" type="integer">10597434</label>
			<label index="spaceBefore.description" type="integer">263512294</label>
			<label index="spaceAfter.description" type="integer">130971741</label>
			<label index="section_frame.description" type="integer">240647342</label>
			<label index="splash_layout.description" type="integer">240182781</label>
			<label index="splash_layout.details" type="integer">35858092</label>
			<label index="sectionIndex.description" type="integer">263148287</label>
			<label index="sectionIndex.details" type="integer">258232061</label>
			<label index="linkToTop.description" type="integer">218183690</label>
			<label index="rte_enabled.description" type="integer">266861622</label>
			<label index="pi_flexform.description" type="integer">105562012</label>
			<label index="pi_flexform.details" type="integer">5162299</label>
		</languageKey>
	</orig_hash>
	<orig_text type="array">
		<languageKey index="de" type="array">
			<label index=".description">All visible content on webpages in TYPO3 is typically made by &quot;Pagecontent&quot; records. They are typically referred to as &quot;Content Elements&quot;. Often Content Elements are managed by the &quot;Page&quot; module which is designed to handle Content Elements in multiple columns and languages.</label>
			<label index=".details">&quot;Pagecontent&quot; records is ordered and can thus be rearranged. Also notice that the &quot;Language&quot; and &quot;Column&quot; selector of the &quot;Pagecontent&quot; records determines where and in which situation they appear. If you do not change the value of the &quot;Language&quot; and &quot;Column&quot; selectors you are most sure that the element will appear by default.</label>
			<label index=".image_descr">The Page module is used to manage Content Elements effectively as they appear arranged in columns and languages.
A Content Element has a large editing form with many options. The &quot;Type&quot; determines which options are visible.
In the frontend - on the webpage - a Content Element like the above could look like this.</label>
			<label index="CType.description">Select the kind of page content this element represents. New options will appear when you save the record.</label>
			<label index="CType.details">The 'Type' of content you select determines which options you have in the editform, so make sure to save the record before you make changes.

This is a description of the various types:

&lt;strong&gt;Header&lt;/strong&gt;
This type allows you insert a standard content element header and nothing more.
Almost all the other types described below also includes the header with the exact same options. So the Header type just provides a way to insert a header &lt;em&gt;only&lt;/em&gt; without anything else.

&lt;strong&gt;Text&lt;/strong&gt;
The Text type allows you to insert regular page content.

&lt;strong&gt;Text w/image&lt;/strong&gt;
This is the same as the Text type (regular page content) but with the option of attaching images.

&lt;strong&gt;Image&lt;/strong&gt;
The same as Text w/image but without the text field - so only images.

&lt;strong&gt;Bullet list&lt;/strong&gt;
Lets you create a bullet list. Each line in the text-field will appear as a single line in the bulletlist.

&lt;strong&gt;Table&lt;/strong&gt;
Lets you create &lt;em&gt;simple&lt;/em&gt; tables. Each line represents a tablerow and vertical bars '|' separates each column.

&lt;strong&gt;Filelinks&lt;/strong&gt;
Allows you to present a list of files for download. You can have thumbnails attached to the list including filesize.

&lt;strong&gt;Multimedia&lt;/strong&gt;
Lets you insert multimedia elements such as sound, video, java applets and flash animations.

&lt;strong&gt;Form&lt;/strong&gt;
Lets you create mail forms. There is a special syntax to use when you wish to create form fields.

&lt;strong&gt;Search&lt;/strong&gt;
This inserts a search box and it will also display the search result if a query is performed to the page.

&lt;strong&gt;Login&lt;/strong&gt;
Displays a login box for website users. You must create at least one Website user and user group before this makes any sense to use.

&lt;strong&gt;Textbox&lt;/strong&gt;
This is mainly for customly defined design which includes typically some text and an image. So in other words the function is not generally defined. However the default subtypes will let you choose various ways to display some text with an image.
Use only if instructed to.

&lt;strong&gt;Menu/Sitemap&lt;/strong&gt;
Offers a selection of various link menus and a sitemap you can insert on a page.

&lt;strong&gt;Insert records&lt;/strong&gt;
This is a placeholder for other records. In other words, by this element you can attach other content elements from elsewhere and thus insert them this page.

&lt;strong&gt;Insert plugin&lt;/strong&gt;
This will allow you to insert a forum, guestbook, list of addresses, shopping basket etc. The various features are available &lt;em&gt;only&lt;/em&gt; if they are configured correctly in the template of your website. So before you use it, make sure this is the case.

&lt;strong&gt;Script&lt;/strong&gt;
This is reserved for custom purposes where the template developer can allow you to insert specialized page content by this element type along with a code to identify which special content you want.

&lt;strong&gt;HTML&lt;/strong&gt;
This is plain HTML content. Everything put here will be displayed directly on the page without any preprocessing.</label>
			<label index="hidden.description">Check this box if you wish to hide the content element from being displayed.</label>
			<label index="starttime.description">Enter the date from which the content element will be visible.</label>
			<label index="endtime.description">Enter the date from which the content element will disappear from the website.</label>
			<label index="fe_group.description">Select a Website usergroup which is exclusively allowed to view the element.</label>
			<label index="fe_group.details">The options in this box depends on which Website usergroups are created and available for you. When you select a user group here, the content element will no longer be visible to users which are not logged in. Only Website users which are logged in and members of the group you selected will be allowed to see the element.
If you select &quot;Hide at login&quot; the effect is kind of reversed in that the element &lt;em&gt;disappears&lt;/em&gt; if &lt;em&gt;any&lt;/em&gt; Website user is logged in. This is useful if you want to present information like &quot;How to login&quot; and such which is irrelevant if a user is finally logged in.</label>
			<label index="sys_language_uid.description">Select the system language of this element. &lt;strong&gt;Notice&lt;/strong&gt; this will affect whether the element is visible.</label>
			<label index="sys_language_uid.details">This allows you to assign a specific language to the content element. If you select anything but the default value, the element will &lt;em&gt;not&lt;/em&gt; be visible unless the language assigned is also configured by the TypoScript template.
The available system languages are created by the administrator.</label>
			<label index="layout.description">Select a layout.</label>
			<label index="layout.details">This option is not used in the default templates but may be used by any custom rendering.

There are a number of default implementations depending on the content element type:

&lt;b&gt;&quot;Filelinks&quot;:&lt;/b&gt;
&quot;Normal&quot; will provide a list of filelinks with no thumbnail.
&quot;Layout 1&quot; adds a file icon to the left of the link
&quot;Layout 2&quot; adds a thumbnail if the file is an image file and if not an icon. A black border is wrapped around.
&quot;Layout 3&quot; is like Layout 2, but without the black border.</label>
			<label index="colPos.description">Select the column position this element. &lt;strong&gt;Notice&lt;/strong&gt; this will affect whether the element is visible.</label>
			<label index="colPos.details">Most websites use only one column of content. However some templates lets you put content in multiple columns and this option allows you to select another column for the element.

&lt;strong&gt;Notice&lt;/strong&gt; that selecting another column than &quot;Normal&quot; will make the content element disappear unless that column is also displayed in the website template. If your content element is 'strangely' not visible please make sure the Column and Language selectors are set correctly.</label>
			<label index="date.description">Enter a date to be displayed above the header.</label>
			<label index="header.description">Enter a headline for the content element.</label>
			<label index="header.details">Almost all content elements (except the HTML type for instance) will display this header above the content. If you don't want a header displayed, select the header Layout to &quot;Hidden&quot;. Alternatively you can choose not to enter any content in this field.

Some content element types do not display the header by default. In those cases the Header field is typically labeled &quot;Name&quot; instead. One of these are the HTML type content element.</label>
			<label index="header_position.description">Places the header to the left, centered or to the right.</label>
			<label index="header_link.description">Creates a link from the header. Insert a page id, email address or URL.</label>
			<label index="header_link.syntax">If you insert an id-number, eg. &quot;51&quot;, the link will refer to page with id=51 &lt;em&gt;inside&lt;/em&gt; TYPO3.
If you insert an email address, eg. &quot;name@my-domain.test&quot;, the link will point to that email address.
If you insert an URL or domain, eg. &quot;www.typo3.com&quot; or &quot;http://www.my-domain.org&quot;, the link will point to that website.</label>
			<label index="header_layout.description">Select a visual design for the header.</label>
			<label index="header_layout.details">If you select &quot;Default&quot; the standard design (which is one of the layouts 1-5) will be used.
Alternatively you can select from Layout 1 through 5 which are configured in the website template with individual visual designs.
If you select &quot;Hidden&quot; the header will simply not appear. This is usefull if you wish a header for the content element (in order to identify it in the backend) but do not wish the header to be displayed on the website.</label>
			<label index="subheader.description">Enter a subheader. This is displayed below the ordinary headline. If the content element type is &quot;Form&quot; this field is the recipient email.</label>
			<label index="subheader.details">A subheader is displayed only with the &quot;Header&quot; content element type.

&lt;b&gt;Notice:&lt;/b&gt; When using the content element type &quot;Form&quot;, this field is named 'Recipient-email:' and contains the email address of the form mail recipient. It's therefore important to allow access to this field for the users.</label>
			<label index="bodytext.description">Enter the body text.</label>
			<label index="bodytext.details">Here you enter the body text of the content element. Usually you can use some HTML formatting tags, if you're using Internet Explorer you can even format the content visually.
The field is reused in most other types and so switching between the content element types will bring the value of this field with it.

When you're using this field with the &quot;Text&quot; and &quot;Text w/image&quot; types, the content is used as ordinary body text. Each linebreak normally signifies a new paragraph, you can use the special TYPO3 tag, &amp;lt;LINK&amp;gt;, for making links. You can use many HTML tags but there are limitations as well. This will depend on the implementation.

&lt;b&gt;Bulletlists:&lt;/b&gt;
If the type is &quot;Bulletlist&quot; each line in this field is a bulletlist entry.

&lt;b&gt;Tables:&lt;/b&gt;
If the type is &quot;Table&quot; each line represents a table row. Within each line you divide the columns by inserting a vertical bar, |. So making a table row with 3 columns could look like &quot;This is column 1 | Column 2 here | Third column!&quot;. Use the table wizard for creating tables - that is much easier than &quot;coding&quot; them.

&lt;b&gt;Parameters:&lt;/b&gt;
Types like &quot;Script&quot;, &quot;Form&quot; and &quot;Multimedia&quot; use this field for parameters you can pass to the element. And the &quot;HTML&quot; type accepts any input as raw HTML which is simply displayed on the website without any preprocessing.

&lt;strong&gt;Rich Text Editor:&lt;/strong&gt;
With the types &quot;Text&quot; and &quot;Text w/image&quot; the Rich Text editor is used for editing if your browser supports it and the editor is generally enabled in the system. Be aware that the content is &quot;cleansed&quot; before it goes into the database when you're using the &quot;Text&quot; and &quot;Text w/image&quot; types.

&lt;b&gt;Making a mail form:&lt;/b&gt;
When you have selected the content element type &quot;Form&quot; you should enter lines of parameters into this field. This is a brief example:

Your name: | *name=input,40 | [Enter name!]
Your email: | *email=input,40
Your address: | address=textarea,40,10
Your haircolor: |hair=radio|Blue=blue, Red=red

|formtype_mail = submit | Send form
|subject=hidden| Enter a subject here!
|html_enabled=hidden | 1

The first two lines makes input-fields for name and email, both are marked &quot;required&quot; by the * and the name field has a default value of &quot;[Enter name!]&quot;.
The third line is a text box and the fourth makes radiobuttons to select haircolor.
Then there are three important lines in the end. The first makes a submit button with the label &quot;Send form&quot;, the second line is the subject of the email the receiver gets and the third line makes the form result render in an HTML-table.
It is much easier to use the Form Wizard for creating forms.

&lt;b&gt;Notice:&lt;/b&gt; Before any form will ever work, you must enter a recipient email address. The &quot;Recipient-email:&quot; field is used for that (this is in fact the Subheader field used!).</label>
			<label index="text_align.description">Places the body text to the left, centered or to the right.</label>
			<label index="text_align.details">See Pagecontent / Fontface for comments.
&lt;b&gt;Notice:&lt;/b&gt; This option is obsolete when you are using CSS for rendering.</label>
			<label index="text_face.description">Select a font fact family for the body text.</label>
			<label index="text_face.details">&lt;strong&gt;Notice&lt;/strong&gt; that these options are only meant for special design. The general (default) design should be configured in the template instead. Furthermore you should NOT use these options if your template implements stylesheets and are based on using styles in general.</label>
			<label index="text_size.description">Select a font size for the body text.</label>
			<label index="text_size.details">See Pagecontent / Fontface for comments.
&lt;b&gt;Notice:&lt;/b&gt; This option is obsolete when you are using CSS for rendering.</label>
			<label index="text_color.description">Select a color for the body text.</label>
			<label index="text_color.details">See Pagecontent / Fontface for comments.
&lt;b&gt;Notice:&lt;/b&gt; This option is obsolete when you are using CSS for rendering.</label>
			<label index="text_properties.description">Select additional font properties.</label>
			<label index="text_properties.details">These options will select font properties for all the body text. However you may wish to mark only a part of the bodytext as bold or underline in which case you should use the formatting options in the Rich Text Editor. Alternatively you can use the HTML tags here:

&amp;lt;b&amp;gt;&lt;strong&gt;This is bold&lt;/strong&gt;&amp;lt;b&amp;gt;
&amp;lt;i&amp;gt;&lt;em&gt;This is italics&lt;/em&gt;&amp;lt;i&amp;gt;
&amp;lt;u&amp;gt;&lt;u&gt;This is underlined&lt;/u&gt;&amp;lt;u&amp;gt;

See Pagecontent / Fontface for comments.
&lt;b&gt;Notice:&lt;/b&gt; This option is obsolete when you are using CSS for rendering.</label>
			<label index="image.description">Insert one or more images.</label>
			<label index="image.details">You can attach images to the content element and almost as many as you like.
Depending on the configuration of TYPO3 you can even attach them in any format you like. Especially you do not need to worry about size and compression because these factors are normally handled by TYPO3 internally.

When you use the &quot;Text w/image&quot; type, it's important to select a proper position of the imageblock. For this purpose, use the Position selector which is displayed below (or if you click in the image list field in the Classic backend). See link to &quot;Pagecontent / Position&quot; below.
You can also display images in multiple columns and enable an option which enables a link so you can click the image and see a bigger version. Just to name a few options.
Most likely you don't have all options available. This depends on your permissions in the system.</label>
			<label index="image.image_descr">This shows all the options related to inserting images in Content Elements. You might not be able to use all of them.</label>
			<label index="imagewidth.description">Enter the width in pixels of the image.</label>
			<label index="imagewidth.details">The template is normally configured to a max width of an image and so you don't need to specify the width if the image fits perfectly into those dimensions. However this does give you an opportunity to specify a specific width.</label>
			<label index="imageheight.description">Enter the height of the image in pixels.</label>
			<label index="imageorient.description">Select the position of the imageblock relative to the body text.</label>
			<label index="imageorient.details">The position above and below the body text is pretty straight forward.
The options &quot;In text&quot; means that the image block is displayed with text aside it. When you select this option the template will probably force the images into smaller dimensions because they cannot take up the same space when text is supposed to float around them.
When you select &quot;In text&quot; you can choose the options either above or below the divider &quot;No wrap&quot;. If you select the &quot;In text&quot; option above, the bodytext will float &lt;em&gt;under&lt;/em&gt; the image block when the bodytext reaches the end of the image block. So in other words the body text &lt;em&gt;wraps around&lt;/em&gt; the image block. If you select &quot;In text&quot; below the &quot;No wrap&quot; divider, the body text will not float under the image block, but simply continue in its column.
Apart from the visual difference there is a technical aspect as well. Because if you choose to allow the content to wrap the image block you will experience a strange phenomenon when you do not have enough bodytext to make it float around the image: You experience that the subsequent content elements on the page is somehow layered on top of the image block - and this certainly looks like a bug. However it's easily solved by changing the &quot;In text&quot; position to the equal value but below the &quot;No wrap&quot; divider.</label>
			<label index="imageborder.description">Check this, if you wish a colored border around the images.</label>
			<label index="image_noRows.description">Disables strict tablerows in the image block.</label>
			<label index="image_noRows.details">This options is kind of hard to explain, but imagine you have 2 or more columns &lt;em&gt;and&lt;/em&gt; rows of images. If one image in the upper row is a bit taller than the second this will generate an empty extra space beneath the second image. This is due to the normal procedure in which the images are placed in a table cell each.
If you set this option, the table will place all images in a column in a single table cell which make the distance between them vertically identical throughout. This may provide a better look if the alternative looks stupid.</label>
			<label index="image_link.description">Enter a link for the images.</label>
			<label index="image_link.details">By default all images share the same link. However you may ask the administrator to configure the TypoScript template to allow a separate link for each image. If this is the case, you simply separate the link values by a comma.

See Pagecontent&gt;Link below for details on syntax.</label>
			<label index="image_zoom.description">Check this option, and the image will link to a new window with a bigger version.</label>
			<label index="image_zoom.details">This option overrides the value in the Link-field.</label>
			<label index="image_effects.description">Select special image processing effects.</label>
			<label index="image_frames.description">Select special image framing options.</label>
			<label index="image_compression.description">Select compression/quality options.</label>
			<label index="imagecols.description">Select the number of columns in the image block.</label>
			<label index="imagecaption.description">Enter a caption for the image block</label>
			<label index="imagecaption.details">By default the caption is positioned below the whole image block. However your website template may be configured to allow individual image captions by setting &quot;styles.content.imgtext.captionSplit=1&quot; in your template constants.
			In that case each line in this field will be the image caption of the corresponding image in the list.

The caption text field is also used by the content element type &quot;Filelinks&quot; where each line represents a description of a file in the list.</label>
			<label index="imagecaption_position.description">Places the image caption to the left, centered or to the right.</label>
			<label index="cols.description">Select a fixed number of table columns</label>
			<label index="pages.description">Insert page(s)</label>
			<label index="pages.details">With this field you can generally create a relation to a page (or more) in TYPO3. This field is used by many of the content element types. If you don't specify a page here, the current page will generally be used.

Using the &quot;Search&quot; type, the page you insert will be the page to which the search is targeted. You must make sure that this page has a similar &quot;Search&quot; content element (or something similar) to render a search result. Else it makes no sense.

The &quot;Login&quot; type content element also uses this field to direct the login to a certain page. However that page does not need to contain a Login content element in order to perform the authentication - you can in fact submit a login request to any TYPO3 page and it will be evaluated!
If you specify a second page in this list, the id will be passed to the login system as being the page inside TYPO3 where the database of users to look up is found. You should use this only if your template is not configured to pass this value on.
In order for the login procedure to work, you must make sure that 1) you have created at least one Website user and member usergroup and is using the correct username and password, 2) you have configured in your TypoScript template on which page (typically a SysFolder) the users can be found - or alternatively have specified this by the second page in the this page list, 3) cookies must be enabled.

The &quot;Menu/Sitemap&quot; element also uses this field. In that case the page(s) will determine from which point the menu is drawn or maybe even represent the actual pages to which the menu links. All this depends on the subtype of Menu/Sitemap you have selected.

Finally the &quot;Form&quot; element uses this field as the page to which the form is submitted. You might thus insert a page which is the &quot;Thank you&quot; page of the form mail.</label>
			<label index="recursive.description">Select how many subleves should be additionally selected for each page in the list.</label>
			<label index="recursive.details">Whether this feature makes sense or not depends solely on the template implementation and/or content element type. But basically if this feature is enabled it means that for each page listed in the &quot;Send to page/Starting point&quot; box subpages - to the depth specified here - will &lt;em&gt;also&lt;/em&gt; be selected!

&lt;strong&gt;Warning:&lt;/strong&gt; If there are many subpages, be aware of this option. It may select an incredible amount of pages then!</label>
			<label index="menu_type.description">Select which kind of menu you wish to create.</label>
			<label index="menu_type.details">This is a short description of each type:

&lt;strong&gt;Menu of these pages&lt;/strong&gt;
This will create a list of links to the pages you insert in the Startingpoint list.

&lt;strong&gt;Menu of subpages to these pages&lt;/strong&gt;
This results in a list of links to the subpages of the pages in the Startingpoint list. If you do not specify a startingpoint, subpages to the current page will be selected.

&lt;strong&gt;Menu of subpages to these pages (with abstract)&lt;/strong&gt;
Like the previous, but this will include the content of the Abstract field of the pages.

&lt;strong&gt;Menu of subpages to these pages + sections&lt;/strong&gt;
Like the previous, but including 'submenu' links to all content elements on the page which has the &quot;Index&quot; checkbox set.

&lt;strong&gt;Sitemap&lt;/strong&gt;
Generates a classic tree sitemap. Maybe your TypoScript template is configured to another design of the sitemap, but anyhow you'll get a sitemap out of this. Notice that the sitemap will begin from the current page unless you specify another &quot;Startingpoint&quot; page in the list below.

&lt;strong&gt;Section index (pagecontent w/Index checked)&lt;/strong&gt;
This makes a menu to the content elements on this page (or the page specified in the Starting point list). Great way to make an index in the top of the page.
Notice that all content elements with the &quot;Index&quot; checkbox set is selected. So if you don't want certain content elements to appear in the list, just un-check the Index checkbox for those elements.

&lt;strong&gt;Recently updated pages&lt;/strong&gt;
This displays the 10 most recently updated pages.
&lt;strong&gt;Notice:&lt;/strong&gt; If you update a page and this list seems not to be updated instantly, just clear the cache of the page and the problem is solved.

&lt;strong&gt;Related pages (based on keywords)&lt;/strong&gt;
Displays other related pages based on the keywords set for this page matched up with the keywords on other pages.


&lt;b&gt;Notice:&lt;/b&gt; With many of the above menu types, the default starting point is the current page. However you can specify another startingpoint (or more than one in fact!) by adding pages to the &quot;Startingpoint&quot; list. See link below.</label>
			<label index="list_type.description">Select a plugin to insert.</label>
			<label index="list_type.details">The list of plugins you can insert on a page. The available plugins depends on which extensions are installed.</label>
			<label index="select_key.description">Enter a code string.</label>
			<label index="select_key.details">Whether or not the content of this field is used and how it's intepreted depends on the context. It is considered obsolete today.</label>
			<label index="table_bgColor.description">Select table background color.</label>
			<label index="table_border.description">Select table border thickness.</label>
			<label index="table_cellspacing.description">Select table cell spacing.</label>
			<label index="table_cellspacing.details">Cell spacing is the distance between table cells in rows an columns. The distance is equally applied in all directions, top, bottom, left and right.</label>
			<label index="table_cellpadding.description">Select table cellpadding.</label>
			<label index="table_cellpadding.details">Cell padding is the 'internal' margin of a table cell. The distance is equally applied in all directions, top, bottom, left and right.</label>
			<label index="media.description">Add files to the list here.</label>
			<label index="multimedia.description">Insert the multimedia element, eg. a flash movie here.</label>
			<label index="filelink_size.description">Check this, if you wish the filesizes to be displayed.</label>
			<label index="records.description">Insert relations to records.</label>
			<label index="spaceBefore.description">Enter the amount of whitespace (in pixels) to insert &lt;em&gt;before&lt;/em&gt; this content element.</label>
			<label index="spaceAfter.description">Enter the amount of whitespace (in pixels) to insert &lt;em&gt;after&lt;/em&gt; this content element.</label>
			<label index="section_frame.description">Select a framing option for the content element.</label>
			<label index="splash_layout.description">Select the design for the Text box.</label>
			<label index="splash_layout.details">&lt;strong&gt;Notice:&lt;/strong&gt; The Textbox type has a few default renderings but are primarily designed to be used for custom purposes. Therefore the availability of features will depend on the current website template.</label>
			<label index="sectionIndex.description">If set, the content element will appear in section indices.</label>
			<label index="sectionIndex.details">See details for the Menu-type selector (click below).</label>
			<label index="linkToTop.description">If checked, a little &quot;To top&quot; link will be inserted after the content element.</label>
			<label index="rte_enabled.description">If checked, the Rich Text Editor will be disabled for the &quot;Text&quot; and &quot;Text w/Image&quot; types (&lt;em&gt;in this element only&lt;/em&gt;).</label>
			<label index="pi_flexform.description">FlexForm Configuration of Plugins</label>
			<label index="pi_flexform.details">Some plugins may require configuration of their options. They may use this field for FlexForm based configuration settings (stored as XML).</label>
		</languageKey>
	</orig_text>
</T3locallangExt>