<?xml version="1.0" encoding="utf-8" standalone="yes" ?>
<T3locallangExt>
	<data type="array">
		<languageKey index="de" type="array">
			<label index="tt_content.tx_cssstyledcontent_acctables">Barrierefreiheit</label>
			<label index="tt_content.tx_cssstyledcontent_acctables_caption">Tabellenbeschriftung (&lt;caption&gt;)</label>
			<label index="tt_content.tx_cssstyledcontent_acctables_summary">Tabellenzusammenfassung (&quot;summary&quot;-Attribut in &lt;table&gt;-Tags)</label>
			<label index="tt_content.tx_cssstyledcontent_acctables_tfoot">Tabellenfuß benutzen (&lt;tfoot&gt; um die letzte Tabellenzeile)</label>
			<label index="tt_content.tx_cssstyledcontent_acctables_headerpos.I.0">keine Kopfzeile</label>
			<label index="tt_content.tx_cssstyledcontent_acctables_headerpos.I.1">oben</label>
			<label index="tt_content.tx_cssstyledcontent_acctables_headerpos.I.2">links</label>
			<label index="tt_content.tx_cssstyledcontent_acctables_headerpos">Position der Kopfzeile</label>
			<label index="tt_content.tx_cssstyledcontent_acctables_nostyles">Kein CSS für diese Tabelle</label>
			<label index="tt_content.tx_cssstyledcontent_acctables_tableclass">CSS-Klasse für die Tabelle</label>
			<label index="tt_content.tx_cssstyledcontent_tableparsing">Tabellenanalyse</label>
			<label index="tt_content.tx_cssstyledcontent_tableparsing_quote">Textbegrenzer</label>
			<label index="tt_content.tx_cssstyledcontent_tableparsing_quote_none">keiner</label>
			<label index="tt_content.tx_cssstyledcontent_tableparsing_quote_single">'</label>
			<label index="tt_content.tx_cssstyledcontent_tableparsing_quote_double">&quot;</label>
			<label index="tt_content.tx_cssstyledcontent_tableparsing_delimiter">Feldbegrenzer</label>
			<label index="tt_content.tx_cssstyledcontent_tableparsing_delimiter_pipe">|</label>
			<label index="tt_content.tx_cssstyledcontent_tableparsing_delimiter_semicolon">;</label>
			<label index="tt_content.tx_cssstyledcontent_tableparsing_delimiter_colon">:</label>
			<label index="tt_content.tx_cssstyledcontent_tableparsing_delimiter_comma">,</label>
			<label index="tt_content.tx_cssstyledcontent_tableparsing_delimiter_tab">&lt;Tabulator&gt;</label>
			<label index="tt_content.tx_cssstyledcontent_section_frame.I.9">Kein Frame</label>
			<label index="tt_content.tx_cssstyledcontent_section_frame.I.0">Standardframe</label>
		</languageKey>
	</data>
	<orig_hash type="array">
		<languageKey index="de" type="array">
			<label index="tt_content.tx_cssstyledcontent_acctables" type="integer">235818950</label>
			<label index="tt_content.tx_cssstyledcontent_acctables_caption" type="integer">112890980</label>
			<label index="tt_content.tx_cssstyledcontent_acctables_summary" type="integer">36680148</label>
			<label index="tt_content.tx_cssstyledcontent_acctables_tfoot" type="integer">254032042</label>
			<label index="tt_content.tx_cssstyledcontent_acctables_headerpos.I.0" type="integer">45529672</label>
			<label index="tt_content.tx_cssstyledcontent_acctables_headerpos.I.1" type="integer">187184459</label>
			<label index="tt_content.tx_cssstyledcontent_acctables_headerpos.I.2" type="integer">135366703</label>
			<label index="tt_content.tx_cssstyledcontent_acctables_headerpos" type="integer">209579350</label>
			<label index="tt_content.tx_cssstyledcontent_acctables_nostyles" type="integer">117336864</label>
			<label index="tt_content.tx_cssstyledcontent_acctables_tableclass" type="integer">177523374</label>
			<label index="tt_content.tx_cssstyledcontent_tableparsing" type="double">2102994</label>
			<label index="tt_content.tx_cssstyledcontent_tableparsing_quote" type="integer">82969183</label>
			<label index="tt_content.tx_cssstyledcontent_tableparsing_quote_none" type="integer">53789860</label>
			<label index="tt_content.tx_cssstyledcontent_tableparsing_quote_single" type="integer">56167608</label>
			<label index="tt_content.tx_cssstyledcontent_tableparsing_quote_double" type="integer">185959263</label>
			<label index="tt_content.tx_cssstyledcontent_tableparsing_delimiter" type="integer">226683604</label>
			<label index="tt_content.tx_cssstyledcontent_tableparsing_delimiter_pipe" type="integer">194609995</label>
			<label index="tt_content.tx_cssstyledcontent_tableparsing_delimiter_semicolon" type="integer">166644605</label>
			<label index="tt_content.tx_cssstyledcontent_tableparsing_delimiter_colon" type="integer">139701904</label>
			<label index="tt_content.tx_cssstyledcontent_tableparsing_delimiter_comma" type="integer">202159600</label>
			<label index="tt_content.tx_cssstyledcontent_tableparsing_delimiter_tab" type="integer">80386624</label>
			<label index="tt_content.tx_cssstyledcontent_section_frame.I.9" type="integer">185611536</label>
			<label index="tt_content.tx_cssstyledcontent_section_frame.I.0" type="integer">24682613</label>
		</languageKey>
	</orig_hash>
	<orig_text type="array">
		<languageKey index="de" type="array">
			<label index="tt_content.tx_cssstyledcontent_acctables">Accessibility</label>
			<label index="tt_content.tx_cssstyledcontent_acctables_caption">Table caption (&lt;caption&gt;)</label>
			<label index="tt_content.tx_cssstyledcontent_acctables_summary">Table summary (&quot;summary&quot; attribute in &lt;table&gt; tags)</label>
			<label index="tt_content.tx_cssstyledcontent_acctables_tfoot">Use table-footer (&lt;tfoot&gt; around last table row)</label>
			<label index="tt_content.tx_cssstyledcontent_acctables_headerpos.I.0">no header</label>
			<label index="tt_content.tx_cssstyledcontent_acctables_headerpos.I.1">top</label>
			<label index="tt_content.tx_cssstyledcontent_acctables_headerpos.I.2">left</label>
			<label index="tt_content.tx_cssstyledcontent_acctables_headerpos">Table Header position</label>
			<label index="tt_content.tx_cssstyledcontent_acctables_nostyles">No CSS styles for this table</label>
			<label index="tt_content.tx_cssstyledcontent_acctables_tableclass">CSS class for the table.</label>
			<label index="tt_content.tx_cssstyledcontent_tableparsing">Table parsing</label>
			<label index="tt_content.tx_cssstyledcontent_tableparsing_quote">Text delimiter</label>
			<label index="tt_content.tx_cssstyledcontent_tableparsing_quote_none">none</label>
			<label index="tt_content.tx_cssstyledcontent_tableparsing_quote_single">'</label>
			<label index="tt_content.tx_cssstyledcontent_tableparsing_quote_double">&quot;</label>
			<label index="tt_content.tx_cssstyledcontent_tableparsing_delimiter">Field delimiter</label>
			<label index="tt_content.tx_cssstyledcontent_tableparsing_delimiter_pipe">|</label>
			<label index="tt_content.tx_cssstyledcontent_tableparsing_delimiter_semicolon">;</label>
			<label index="tt_content.tx_cssstyledcontent_tableparsing_delimiter_colon">:</label>
			<label index="tt_content.tx_cssstyledcontent_tableparsing_delimiter_comma">,</label>
			<label index="tt_content.tx_cssstyledcontent_tableparsing_delimiter_tab">&lt;tabulator&gt;</label>
			<label index="tt_content.tx_cssstyledcontent_section_frame.I.9">No Frame</label>
			<label index="tt_content.tx_cssstyledcontent_section_frame.I.0">Default Frame</label>
		</languageKey>
	</orig_text>
</T3locallangExt>