<?xml version="1.0" encoding="utf-8" standalone="yes" ?>
<T3locallangExt>
	<data type="array">
		<languageKey index="de" type="array">
			<label index="No font">Keine Schriftart</label>
			<label index="No size">Keine Schriftgröße</label>
		</languageKey>
	</data>
	<orig_hash type="array">
		<languageKey index="de" type="array">
			<label index="No font" type="integer">69479293</label>
			<label index="No size" type="integer">259700094</label>
		</languageKey>
	</orig_hash>
	<orig_text type="array">
		<languageKey index="de" type="array">
			<label index="No font">No font</label>
			<label index="No size">No font size</label>
		</languageKey>
	</orig_text>
</T3locallangExt>