<?xml version="1.0" encoding="utf-8" standalone="yes" ?>
<T3locallangExt>
	<data type="array">
		<languageKey index="de" type="array">
			<label index="tx_srspellcheck_pi1.list_type">Rechtschreibprüfung für HTMLArea RTE</label>
		</languageKey>
	</data>
	<orig_hash type="array">
		<languageKey index="de" type="array">
			<label index="tx_srspellcheck_pi1.list_type" type="integer">102545538</label>
		</languageKey>
	</orig_hash>
	<orig_text type="array">
		<languageKey index="de" type="array">
		</languageKey>
	</orig_text>
</T3locallangExt>