<?xml version="1.0" encoding="utf-8" standalone="yes" ?>
<T3locallangExt>
	<data type="array">
		<languageKey index="de" type="array">
			<label index="removeLink">Link entfernen</label>
			<label index="uploadImage">Bild hochladen</label>
			<label index="update">Aktualisieren</label>
			<label index="path">Pfad</label>
			<label index="page">Seite</label>
			<label index="file">Datei</label>
			<label index="extUrl">Externe URL</label>
			<label index="email">E-Mail</label>
			<label index="special">Spezial</label>
			<label index="folderTree">Verzeichnisbaum</label>
			<label index="files">Dateien</label>
			<label index="target">Zielfenster</label>
			<label index="linkRelationship">Beziehung</label>
			<label index="target_popUpWindow">In neuem Fenster öffnen</label>
			<label index="target_popUpWindow_width">Breite</label>
			<label index="target_popUpWindow_height">Höhe</label>
			<label index="anchor_class">Stil</label>
			<label index="anchor_title">Titel</label>
			<label index="newWindow">Neues Fenster</label>
			<label index="top">Ganzes Fenster</label>
			<label index="none">Keiner. Neuen Link setzen!</label>
			<label index="pageTree">Seitenbaum</label>
			<label index="contentElements">Inhaltselemente</label>
			<label index="selectRecords">Datensätze auswählen</label>
			<label index="addToList">Zur Liste hinzufügen...</label>
			<label index="info">Info</label>
			<label index="emailAddress">E-Mail-Adresse</label>
			<label index="setLink">Link setzen</label>
			<label index="clickToRedrawFullSize">Das Bild ist größer als angezeigt! Zur Anzeige in voller Größe bitte anklicken.</label>
			<label index="findDragDrop">Das gewünschte Bild suchen, anklicken und in den Editor im Hauptfenster ziehen!</label>
			<label index="noWebFolder">Sie können Bilder aus diesem Verzeichnis nicht herüberziehen, da sie im internen Bereich des Servers liegen.</label>
			<label index="currentLink">Aktueller Link</label>
			<label index="invalidChar">FEHLER: Ungültiges Zeichen im Dateipfad gefunden (%s). Datei kann nicht hinzugefügt werden!</label>
			<label index="page_id">Seiten-ID</label>
			<label index="query_parameters">Abfrageparameter</label>
		</languageKey>
	</data>
	<orig_hash type="array">
		<languageKey index="de" type="array">
			<label index="removeLink" type="integer">127410368</label>
			<label index="uploadImage" type="integer">33130562</label>
			<label index="update" type="integer">6894342</label>
			<label index="path" type="integer">180814866</label>
			<label index="page" type="integer">26464201</label>
			<label index="file" type="integer">11696408</label>
			<label index="extUrl" type="integer">76246465</label>
			<label index="email" type="integer">216575645</label>
			<label index="special" type="integer">189541205</label>
			<label index="folderTree" type="integer">64613660</label>
			<label index="files" type="integer">153041452</label>
			<label index="target" type="integer">205628184</label>
			<label index="target_popUpWindow" type="integer">21986240</label>
			<label index="target_popUpWindow_width" type="integer">53040229</label>
			<label index="target_popUpWindow_height" type="integer">250375243</label>
			<label index="anchor_class" type="integer">182617337</label>
			<label index="anchor_title" type="integer">192455458</label>
			<label index="newWindow" type="integer">241027301</label>
			<label index="top" type="integer">173014479</label>
			<label index="none" type="integer">11678269</label>
			<label index="pageTree" type="integer">151051780</label>
			<label index="contentElements" type="integer">221138583</label>
			<label index="selectRecords" type="integer">189568969</label>
			<label index="addToList" type="integer">135970903</label>
			<label index="info" type="integer">67476226</label>
			<label index="emailAddress" type="integer">188054354</label>
			<label index="setLink" type="integer">126500206</label>
			<label index="clickToRedrawFullSize" type="integer">38116243</label>
			<label index="findDragDrop" type="integer">164239036</label>
			<label index="noWebFolder" type="integer">213382956</label>
			<label index="currentLink" type="integer">220492962</label>
			<label index="invalidChar" type="integer">103011900</label>
			<label index="page_id" type="integer">56211782</label>
			<label index="query_parameters" type="integer">115478572</label>
			<label index="linkRelationship" type="integer">264017784</label>
		</languageKey>
	</orig_hash>
	<orig_text type="array">
		<languageKey index="de" type="array">
			<label index="emailAddress">Email address</label>
			<label index="removeLink">Remove link</label>
			<label index="uploadImage">Upload Image</label>
			<label index="update">Update</label>
			<label index="path">Path</label>
			<label index="page">Page</label>
			<label index="file">File</label>
			<label index="extUrl">External URL</label>
			<label index="email">Email</label>
			<label index="special">Special</label>
			<label index="folderTree">Folder Tree</label>
			<label index="files">Files</label>
			<label index="target">Target</label>
			<label index="target_popUpWindow">Open in window</label>
			<label index="target_popUpWindow_width">Width</label>
			<label index="target_popUpWindow_height">Height</label>
			<label index="anchor_class">Style</label>
			<label index="anchor_title">Title</label>
			<label index="newWindow">New window</label>
			<label index="top">Top</label>
			<label index="none">None - new link!</label>
			<label index="pageTree">Page tree</label>
			<label index="contentElements">Content elements</label>
			<label index="selectRecords">Select Records</label>
			<label index="addToList">Add to list...</label>
			<label index="info">Info</label>
			<label index="setLink">Set Link</label>
			<label index="clickToRedrawFullSize">Image is larger than shown here! Click to redraw with full size.</label>
			<label index="findDragDrop">Find your image, then click on the image and drag it into the editor in the main window!</label>
			<label index="noWebFolder">You cannot drag images from this folder (yellow) because it is internal on the server.</label>
			<label index="currentLink">Current Link</label>
			<label index="invalidChar">ERROR: Invalid character found in file path (%s). Cannot add the file!</label>
			<label index="page_id">Page Id</label>
			<label index="query_parameters">Query parameters</label>
			<label index="linkRelationship">Relationship</label>
		</languageKey>
	</orig_text>
</T3locallangExt>