<?xml version="1.0" encoding="utf-8" standalone="yes" ?>
<T3locallangExt>
	<data type="array">
		<languageKey index="de" type="array">
			<label index="Path">Pfad</label>
			<label index="TEXT_MODE">Sie befinden sich im TEXT-MODUS. Benutzen Sie die Schaltfläche [&lt;&gt;], um zurück in den WYSIWYG-Modus zu wechseln.</label>
			<label index="ActiveX-required">Wenn Sie den Editor innerhalb des Internet Explorers verwenden wollen, müssen Sie ActiveX-Controls zulassen.</label>
			<label index="HTML-document-not-well-formed">Das HTML-Dokument ist nicht wohlgeformt.</label>
			<label index="Moz-Clipboard">Unprivilegierte Skripte können aus Sicherheitsgründen Ausschneiden/Kopieren/Einfügen nicht nutzen. Klicken Sie auf Ja, um  einen technischen Hinweis von mozilla.org (auf englisch) zu lesen, der Ihnen zeigt, wie Sie Skripten den Zugriff auf die Zwischenablage ermöglichen.</label>
			<label index="Moz-Extension">Aus Sicherheitsgründen dürfen unprivilegierte Applikationen nicht auf die Zwischenablage zugreifen. Klicken Sie auf Ja, um eine Komponente zu installieren, die Programmen dieser TYPO3-Site erlaubt, auf die Zwischenablage zuzugreifen und Kopieren, Ausschneiden und Einfügen zu verwenden.</label>
			<label index="Moz-Extension-Success">Die Installation war erfolgreich. Sie müssen Ihren Browser verlassen und erneut starten, damit die Änderungen wirksam werden.</label>
			<label index="Moz-Extension-Failure">Das Firefox Add-on &quot;AllowClipboard Helper&quot; konnte nicht installiert werden.</label>
			<label index="Moz-Extension-Install-Not-Enabled">Die Installation kann nicht durchgeführt werden. Bitte ändern Sie Ihre Browser-Einstellungen so, dass eine Software-Installation von dieser TYPO3-Site zugelassen wird.</label>
			<label index="Allow-Clipboard-Helper-Extension">Aus Sicherheitsgründen dürfen unprivilegierte Applikationen nicht auf die Zwischenablage zugreifen. Klicken Sie auf OK, um eine Komponente zu installieren, mit der Sie die Websites angeben können, die Zugriff auf die Zwischenablage erhalten sollen und Inhalte kopieren, ausschneiden und einfügen dürfen.</label>
			<label index="Mozilla-Org-Install-Not-Enabled">Die Installation kann nicht durchgeführt werden. Bitte ändern Sie Ihre Browser-Einstellungen so, dass eine Software-Installation von der Site https://addons.mozilla.org zugelassen wird.</label>
			<label index="Allow-Clipboard-Helper-Extension-Success">Die Installation war erfolgreich. Sie müssen Ihren Browser verlassen und erneut starten, damit die Änderungen wirksam werden. Wählen Sie dann in Ihrem Browser unter [Extras | AllowClipboard Helper] diejenigen Sites aus, denen der Zugriff auf die Zwischenablage gewährt werden soll.</label>
		</languageKey>
	</data>
	<orig_hash type="array">
		<languageKey index="de" type="array">
			<label index="Path" type="integer">180814866</label>
			<label index="TEXT_MODE" type="integer">198018641</label>
			<label index="ActiveX-required" type="integer">47968430</label>
			<label index="HTML-document-not-well-formed" type="integer">210864763</label>
			<label index="Moz-Clipboard" type="integer">9283584</label>
			<label index="Moz-Extension" type="integer">12279847</label>
			<label index="Moz-Extension-Success" type="integer">117468361</label>
			<label index="Moz-Extension-Failure" type="integer">33665243</label>
			<label index="Moz-Extension-Install-Not-Enabled" type="integer">266145806</label>
			<label index="Allow-Clipboard-Helper-Extension" type="integer">159003849</label>
			<label index="Mozilla-Org-Install-Not-Enabled" type="integer">194914225</label>
			<label index="Allow-Clipboard-Helper-Extension-Success" type="integer">197915820</label>
		</languageKey>
	</orig_hash>
	<orig_text type="array">
		<languageKey index="de" type="array">
			<label index="TEXT_MODE">You are in TEXT MODE.  Use the [&lt;&gt;] button to switch back to WYSIWYG.</label>
			<label index="ActiveX-required">Loading the editor in Internet Explorer requires the execution of ActiveX controls to be enabled.</label>
			<label index="Moz-Clipboard">Unprivileged scripts cannot access Cut/Copy/Paste programatically for security reasons. Click YES to see a technical note at mozilla.org which shows you how to allow a script to access the clipboard.</label>
			<label index="Path">Path</label>
			<label index="HTML-document-not-well-formed">The HTML document is not well-formed.</label>
			<label index="Moz-Extension">For security reasons, unprivileged applications cannot access the clipboard. Click YES to install a component that will enable applications from this site to access the clipboard and perform copy, cut and paste operations.</label>
			<label index="Moz-Extension-Success">The installation was successful. You need to exit and restart your browser for the change to take effect.</label>
			<label index="Moz-Extension-Failure">Sorry, Firefox Add-on AllowClipboard Helper could not be installed.</label>
			<label index="Moz-Extension-Install-Not-Enabled">The installation cannot be performed. Please change your browser preferences in order to allow installation of sofware from this site.</label>
			<label index="Allow-Clipboard-Helper-Extension">For security reasons, unprivileged applications cannot access the clipboard. Click YES to install a component that will enable you to specify the sites or pages that will be allowed to access the clipboard and perform copy, cut and paste operations.</label>
			<label index="Mozilla-Org-Install-Not-Enabled">The installation cannot be performed. Please change your browser preferences in order to allow installation of sofware from https://addons.mozilla.org.</label>
			<label index="Allow-Clipboard-Helper-Extension-Success">The installation was successful. You need to exit and restart your browser for the change to take effect. Afterwards, use the AllowClipboard Helper from the tools menu to allow specific sites to use the clipboard.</label>
		</languageKey>
	</orig_text>
</T3locallangExt>