<?xml version="1.0" encoding="utf-8" standalone="yes" ?>
<T3locallangExt>
	<data type="array">
		<languageKey index="de" type="array">
			<label index="Type_of_abridged_form">Akronym oder Abkürzung?</label>
			<label index="Term_to_abridge">Abzukürzender Begriff</label>
			<label index="Defined_term">Vordefinierte Akronyme oder Abkürzungen</label>
			<label index="Term">Begriff:</label>
			<label index="Unabridged_term">Voll ausgeschriebener Begriff:</label>
			<label index="Select_a_term">Einen Begriff auswählen</label>
			<label index="Abridged_term">Abgekürzter Begriff:</label>
			<label index="Acronym">Akronym</label>
			<label index="Abbreviation">Abkürzung</label>
			<label index="Select_an_acronym">Ein Akronym oder eine Abkürzung auswählen</label>
			<label index="Use_this_term">Diesen Begriff verwenden:</label>
			<label index="Use_this_term_explain">Diesen Begriff der derzeitigen Auswahl zuweisen</label>
			<label index="OK">OK</label>
			<label index="Delete">Löschen</label>
			<label index="Cancel">Abbrechen</label>
			<label index="Language">Sprache:</label>
			<label index="Select_a_language">Eine Sprache auswählen</label>
		</languageKey>
	</data>
	<orig_hash type="array">
		<languageKey index="de" type="array">
			<label index="Type_of_abridged_form" type="integer">44482058</label>
			<label index="Term_to_abridge" type="integer">224305925</label>
			<label index="Defined_term" type="integer">117949697</label>
			<label index="Term" type="integer">60295764</label>
			<label index="Unabridged_term" type="integer">266236905</label>
			<label index="Select_a_term" type="integer">49671357</label>
			<label index="Abridged_term" type="integer">114439518</label>
			<label index="Acronym" type="integer">151597373</label>
			<label index="Abbreviation" type="integer">190109069</label>
			<label index="Select_an_acronym" type="integer">34968117</label>
			<label index="Use_this_term" type="integer">29979426</label>
			<label index="Use_this_term_explain" type="integer">184559175</label>
			<label index="OK" type="integer">235577377</label>
			<label index="Delete" type="integer">254438473</label>
			<label index="Cancel" type="integer">245659783</label>
			<label index="Language" type="integer">8937228</label>
			<label index="Select_a_language" type="integer">242213579</label>
		</languageKey>
	</orig_hash>
	<orig_text type="array">
		<languageKey index="de" type="array">
			<label index="Type_of_abridged_form">Acronym or Abbreviation?</label>
			<label index="Term_to_abridge">Term to abridge</label>
			<label index="Defined_term">Pre-defined Acronyms and Abbreviations</label>
			<label index="Term">Term:</label>
			<label index="Unabridged_term">Unabridged Term:</label>
			<label index="Select_a_term">Select a term</label>
			<label index="Abridged_term">Abridged Term:</label>
			<label index="Acronym">Acronym</label>
			<label index="Abbreviation">Abbreviation</label>
			<label index="Select_an_acronym">Select an acronym or abbreviation</label>
			<label index="Use_this_term">Use this term:</label>
			<label index="Use_this_term_explain">Associate this term to the current selection</label>
			<label index="OK">OK</label>
			<label index="Delete">Delete</label>
			<label index="Cancel">Cancel</label>
			<label index="Language">Language:</label>
			<label index="Select_a_language">Select a language</label>
		</languageKey>
	</orig_text>
</T3locallangExt>