<?xml version="1.0" encoding="utf-8" standalone="yes" ?>
<T3locallangExt>
	<data type="array">
		<languageKey index="de" type="array">
			<label index="title">RTE-Cache leeren</label>
		</languageKey>
	</data>
	<orig_hash type="array">
		<languageKey index="de" type="array">
			<label index="title" type="integer">96818369</label>
		</languageKey>
	</orig_hash>
	<orig_text type="array">
		<languageKey index="de" type="array">
			<label index="title">Clear RTE Cache</label>
		</languageKey>
	</orig_text>
</T3locallangExt>