<?xml version="1.0" encoding="utf-8" standalone="yes" ?>
<T3locallangExt>
	<data type="array">
		<languageKey index="de" type="array">
			<label index="UserSettings">Einstellungen</label>
			<label index="language">Backend-Sprache</label>
			<label index="lang_default">Englisch</label>
			<label index="lang_dk">Dänisch</label>
			<label index="lang_de">Deutsch</label>
			<label index="lang_no">Norwegisch</label>
			<label index="lang_it">Italienisch</label>
			<label index="lang_fr">Französisch</label>
			<label index="lang_es">Spanisch</label>
			<label index="lang_nl">Niederländisch</label>
			<label index="lang_cz">Tschechisch</label>
			<label index="lang_pl">Polnisch</label>
			<label index="lang_si">Slowenisch</label>
			<label index="lang_fi">Finnisch</label>
			<label index="lang_tr">Türkisch</label>
			<label index="lang_se">Schwedisch</label>
			<label index="lang_pt">Portugiesisch</label>
			<label index="lang_ru">Russisch</label>
			<label index="lang_ro">Rumänisch</label>
			<label index="lang_ch">Chinesisch</label>
			<label index="lang_sk">Slowakisch</label>
			<label index="lang_lt">Litauisch</label>
			<label index="lang_is">Isländisch</label>
			<label index="lang_hr">Kroatisch</label>
			<label index="lang_hu">Ungarisch</label>
			<label index="lang_gl">Grönländisch</label>
			<label index="lang_th">Thailändisch</label>
			<label index="lang_gr">Griechisch</label>
			<label index="lang_hk">Chinesisch (Trad.)</label>
			<label index="lang_eu">Baskisch</label>
			<label index="lang_bg">Bulgarisch</label>
			<label index="lang_br">Bras. Portugiesisch</label>
			<label index="lang_et">Estländisch</label>
			<label index="lang_ar">Arabisch</label>
			<label index="lang_he">Hebräisch</label>
			<label index="lang_ua">Ukrainisch</label>
			<label index="lang_lv">Lettisch</label>
			<label index="lang_jp">Japanisch</label>
			<label index="lang_vn">Vietnamesisch</label>
			<label index="lang_ca">Catalan</label>
			<label index="lang_ba">Bosnisch</label>
			<label index="lang_kr">Koreanisch</label>
			<label index="lang_eo">Esperanto</label>
			<label index="lang_my">Malaiisch</label>
			<label index="lang_hi">Hindi</label>
			<label index="lang_fo">Färöisch</label>
			<label index="lang_fa">Persisch</label>
			<label index="lang_sr">Serbisch</label>
			<label index="lang_sq">Albanisch</label>
			<label index="lang_ge">Georgisch</label>
			<label index="lang_ga">Galizisch</label>
			<label index="default">Standard</label>
			<label index="simulate">Backend-Benutzer simulieren</label>
			<label index="opening">Beim Start</label>
			<label index="personal_data">Persönliche Daten</label>
			<label index="showThumbs">Vorschaubilder standardmäßig anzeigen</label>
			<label index="condensedMode">Schmale Ansicht im Backend verwenden</label>
			<label index="noMenuMode">Art der Navigation auswählen</label>
			<label index="noMenuMode_def">Menü im linken Frame (Standard)</label>
			<label index="noMenuMode_sel">Auswahlfeld im oberen Frame</label>
			<label index="noMenuMode_icons">Symbole im oberen Frame</label>
			<label index="startModule">Beim Start folgendes Modul aufrufen</label>
			<label index="emailMeAtLogin">Mich per E-Mail benachrichtigen, wenn sich jemand mit meinem Konto anmeldet</label>
			<label index="helpText">Hilfetexte anzeigen, wenn vorhanden</label>
			<label index="maxTitleLen">Maximale Titellänge</label>
			<label index="edit_showFieldHelp">Kontextabhängige Hilfe</label>
			<label index="edit_showFieldHelp_none">Keine Hilfeinformationen anzeigen</label>
			<label index="edit_showFieldHelp_icon">Nur Hilfesymbol anzeigen</label>
			<label index="edit_showFieldHelp_message">Kompletten Text anzeigen</label>
			<label index="edit_wideDocument">Breiten Hintergrund anzeigen</label>
			<label index="edit_RTE">Rich-Text-Editor aktivieren (falls verfügbar)</label>
			<label index="edit_docModuleUpload">Hochladen von Dateien direkt im Web-Modul</label>
			<label index="enableFlashUploader">Flash-Schnittstelle zum Hochladen aktivieren (erfordert Flash 9+)</label>
			<label index="resizeTextareas">Größe von mehrzeiligen Textfeldern anpassbar machen</label>
			<label index="resizeTextareas_MaxHeight">Maximale Höhe in der Größe anpassbarer, mehrzeiliger Textfelder in Pixel</label>
			<label index="resizeTextareas_Flexible">Textfelder flexibel machen</label>
			<label index="editFunctionsTab">Bearbeiten und erweiterte Funktionen</label>
			<label index="edit_functions">Bearbeiten</label>
			<label index="disableCMlayers">Inhaltskontextmenüs deaktivieren</label>
			<label index="setToStandard">Alle Werte auf Standard zurücksetzen</label>
			<label index="resetConfiguration">Konfiguration zurücksetzen und temporäre Daten löschen</label>
			<label index="setToStandardQuestion">Alle Werte tatsächlich auf die Standardwerte zurücksetzen?</label>
			<label index="clearSessionVars">Temporäre Daten löschen</label>
			<label index="clearSessionVarsQuestion">Die temporären Daten tatsächlich löschen?</label>
			<label index="functions">Erweiterte Funktionen</label>
			<label index="copyLevels">&lt;b&gt;Rekursives Kopieren:&lt;/b&gt; Geben Sie die Anzahl der zu kopierenden Unterebenen an</label>
			<label index="recursiveDelete">&lt;b&gt;Rekursives Löschen(!):&lt;/b&gt; Erlaube das Löschen ALLER Unterseiten einer zu löschenden Seite</label>
			<label index="activateChanges">Achtung! Die meisten Optionen werden erst beim nächsten Start aktiv. Bitte ab- und anmelden.</label>
			<label index="levels">Tiefe</label>
			<label index="beUser_realName">Ihr Name</label>
			<label index="beUser_email">Ihre E-Mail-Adresse</label>
			<label index="save">Konfiguration speichern</label>
			<label index="newPassword">Neues Passwort</label>
			<label index="newPasswordAgain">Neues Passwort (Wiederholung)</label>
			<label index="newPassword_ok">Ihr Passwort wurde aktualisiert.</label>
			<label index="setupWasUpdated">Benutzereinstellungen wurden aktualisiert.</label>
			<label index="newPassword_failed">Das Passwort wurde nicht aktualisiert, da die Bestätigung falsch eingegeben wurde.</label>
			<label index="adminFunctions">Adminfunktionen</label>
			<label index="enableInstallTool.label">Zugriff auf Installationsprogramm</label>
			<label index="enableInstallTool.createFile">Aktivierungsdatei für Installationsprogramm erstellen</label>
			<label index="enableInstallTool.file">Aktivierungsdatei für Installationsprogramm</label>
			<label index="enableInstallTool.fileCreate_ok">Die Aktivierungsdatei für das Installationsprogramm wurde erstellt.</label>
			<label index="enableInstallTool.fileCreate_failed">Die Aktivierungsdatei für das Installationsprogramm konnte nicht erstellt werden.</label>
			<label index="enableInstallTool.deleteFile">Aktivierungsdatei für Installationsprogramm löschen</label>
			<label index="enableInstallTool.fileDelete_ok">Die Aktivierungsdatei für das Installationsprogramm wurde gelöscht.</label>
			<label index="enableInstallTool.fileDelete_failed">Die Aktivierungsdatei für das Installationsprogramm konnte nicht gelöscht werden.</label>
			<label index="tempDataCleared">Temporäre Daten gelöscht</label>
			<label index="tempDataClearedFlashMessage">Die temporären Daten wurden gelöscht.</label>
			<label index="tempDataClearedLog">Temporäre Daten gelöscht</label>
			<label index="debugInWindow">Debug-Meldungen in neuem Browserfenster anzeigen</label>
			<label index="enableInstallTool.headerTitle">Admin-Funktion zur Wiederherstellung des Zugriffs auf das Installations-Tool</label>
			<label index="enableInstallTool.description">Wenn Sie diese Schaltfläche anklicken, wird die Datei typo3conf/ENABLE_INSTALL_TOOL erstellt (oder gelöscht, wenn sie bereits existiert).&lt;br /&gt; Die Datei schaltet den Zugriff auf das Installations-Tool frei (das Passwort wird dennoch benötigt) und wird automatisch nach einer Stunde gelöscht.</label>
			<label index="startInTaskCenter">Beim Starten das Modul 'Aufgaben' aufrufen</label>
		</languageKey>
	</data>
	<orig_hash type="array">
		<languageKey index="de" type="array">
			<label index="UserSettings" type="integer">46681867</label>
			<label index="language" type="integer">77154959</label>
			<label index="lang_default" type="integer">126116771</label>
			<label index="lang_dk" type="integer">129789717</label>
			<label index="lang_de" type="integer">141280017</label>
			<label index="lang_no" type="integer">228937930</label>
			<label index="lang_it" type="integer">79597062</label>
			<label index="lang_fr" type="integer">181544439</label>
			<label index="lang_es" type="integer">213207052</label>
			<label index="lang_nl" type="integer">109835111</label>
			<label index="lang_cz" type="integer">138409032</label>
			<label index="lang_pl" type="integer">208864137</label>
			<label index="lang_si" type="integer">115971854</label>
			<label index="lang_fi" type="integer">162400671</label>
			<label index="lang_tr" type="integer">202773179</label>
			<label index="lang_se" type="integer">68252064</label>
			<label index="lang_pt" type="integer">51262151</label>
			<label index="lang_ru" type="integer">233547410</label>
			<label index="lang_ro" type="integer">251294612</label>
			<label index="lang_ch" type="integer">206546547</label>
			<label index="lang_sk" type="integer">162319430</label>
			<label index="lang_lt" type="integer">5202008</label>
			<label index="default" type="integer">128029197</label>
			<label index="simulate" type="integer">213794209</label>
			<label index="opening" type="integer">20867161</label>
			<label index="showThumbs" type="integer">111890184</label>
			<label index="noMenuMode_def" type="integer">125128652</label>
			<label index="noMenuMode_sel" type="integer">257410868</label>
			<label index="noMenuMode_icons" type="integer">250425196</label>
			<label index="startInTaskCenter" type="integer">63015246</label>
			<label index="emailMeAtLogin" type="integer">242513283</label>
			<label index="helpText" type="integer">40561585</label>
			<label index="maxTitleLen" type="integer">197742795</label>
			<label index="edit_showFieldHelp" type="integer">156260410</label>
			<label index="edit_showFieldHelp_icon" type="integer">174937206</label>
			<label index="edit_showFieldHelp_message" type="integer">92057802</label>
			<label index="edit_wideDocument" type="integer">47472072</label>
			<label index="edit_RTE" type="integer">16864569</label>
			<label index="edit_docModuleUpload" type="integer">172878204</label>
			<label index="edit_functions" type="integer">131916066</label>
			<label index="disableCMlayers" type="integer">256285755</label>
			<label index="setToStandard" type="integer">243973144</label>
			<label index="functions" type="integer">155530193</label>
			<label index="copyLevels" type="integer">158680187</label>
			<label index="recursiveDelete" type="integer">241746651</label>
			<label index="activateChanges" type="integer">247658693</label>
			<label index="levels" type="integer">137816926</label>
			<label index="beUser_realName" type="integer">35776261</label>
			<label index="beUser_email" type="integer">26761284</label>
			<label index="save" type="integer">8749289</label>
			<label index="newPassword" type="integer">55855176</label>
			<label index="newPasswordAgain" type="integer">985181</label>
			<label index="newPassword_ok" type="integer">254951055</label>
			<label index="newPassword_failed" type="integer">202693756</label>
			<label index="lang_is" type="integer">80037322</label>
			<label index="lang_hr" type="integer">12697097</label>
			<label index="lang_hu" type="integer">129523986</label>
			<label index="lang_gl" type="integer">24211126</label>
			<label index="lang_th" type="integer">71163000</label>
			<label index="lang_gr" type="integer">11205193</label>
			<label index="lang_hk" type="integer">31063215</label>
			<label index="lang_eu" type="integer">176851207</label>
			<label index="lang_bg" type="integer">101430204</label>
			<label index="lang_br" type="integer">102669697</label>
			<label index="lang_et" type="integer">42538748</label>
			<label index="lang_ar" type="integer">41077944</label>
			<label index="lang_he" type="integer">208412545</label>
			<label index="lang_ua" type="integer">242788092</label>
			<label index="lang_lv" type="integer">124440629</label>
			<label index="lang_jp" type="integer">254987990</label>
			<label index="lang_vn" type="integer">129503150</label>
			<label index="personal_data" type="integer">104270938</label>
			<label index="condensedMode" type="integer">240508039</label>
			<label index="noMenuMode" type="integer">20667488</label>
			<label index="lang_ca" type="integer">151036235</label>
			<label index="lang_kr" type="integer">218880828</label>
			<label index="lang_ba" type="integer">165586767</label>
			<label index="lang_eo" type="integer">144185664</label>
			<label index="lang_my" type="integer">78332405</label>
			<label index="lang_hi" type="integer">73150833</label>
			<label index="lang_fo" type="integer">189530758</label>
			<label index="lang_fa" type="integer">134425620</label>
			<label index="lang_sr" type="double">5582876</label>
			<label index="lang_sq" type="integer">175205226</label>
			<label index="lang_ge" type="integer">182191955</label>
			<label index="lang_ga" type="integer">85370403</label>
			<label index="startModule" type="integer">90182335</label>
			<label index="edit_showFieldHelp_none" type="integer">205463933</label>
			<label index="setToStandardQuestion" type="integer">267387860</label>
			<label index="adminFunctions" type="integer">190550998</label>
			<label index="enableInstallTool.createFile" type="integer">225838090</label>
			<label index="enableInstallTool.deleteFile" type="integer">246858068</label>
			<label index="enableInstallTool.headerTitle" type="integer">164973086</label>
			<label index="enableInstallTool.description" type="integer">16230970</label>
			<label index="enableFlashUploader" type="integer">175198263</label>
			<label index="resizeTextareas" type="integer">45125479</label>
			<label index="resizeTextareas_MaxHeight" type="integer">147110278</label>
			<label index="resizeTextareas_Flexible" type="integer">81069594</label>
			<label index="editFunctionsTab" type="integer">241137611</label>
			<label index="resetConfiguration" type="integer">159075263</label>
			<label index="clearSessionVars" type="integer">236409062</label>
			<label index="setupWasUpdated" type="integer">146527413</label>
			<label index="enableInstallTool.label" type="integer">45688883</label>
			<label index="clearSessionVarsQuestion" type="integer">75198869</label>
			<label index="tempDataCleared" type="integer">243325814</label>
			<label index="tempDataClearedFlashMessage" type="integer">177961514</label>
			<label index="tempDataClearedLog" type="integer">243325814</label>
			<label index="enableInstallTool.file" type="integer">264782054</label>
			<label index="enableInstallTool.fileCreate_ok" type="integer">255620212</label>
			<label index="enableInstallTool.fileCreate_failed" type="integer">94497220</label>
			<label index="enableInstallTool.fileDelete_ok" type="integer">262405758</label>
			<label index="enableInstallTool.fileDelete_failed" type="integer">231857636</label>
			<label index="debugInWindow" type="integer">228365664</label>
		</languageKey>
	</orig_hash>
	<orig_text type="array">
		<languageKey index="de" type="array">
			<label index="language">Language</label>
			<label index="condensedMode">Use condensed mode in backend&lt;br /&gt;(for small screens)</label>
			<label index="emailMeAtLogin">Notify me by email, when somebody logs in &lt;br /&gt;from my account</label>
			<label index="beUser_email">Your email address</label>
			<label index="newPasswordAgain">New password, again</label>
			<label index="UserSettings">User Settings</label>
			<label index="lang_default">English</label>
			<label index="lang_dk">Danish</label>
			<label index="lang_de">German</label>
			<label index="lang_no">Norwegian</label>
			<label index="lang_it">Italian</label>
			<label index="lang_fr">French</label>
			<label index="lang_es">Spanish</label>
			<label index="lang_nl">Dutch</label>
			<label index="lang_cz">Czech</label>
			<label index="lang_pl">Polish</label>
			<label index="lang_si">Slovenian</label>
			<label index="lang_fi">Finnish</label>
			<label index="lang_tr">Turkish</label>
			<label index="lang_se">Swedish</label>
			<label index="lang_pt">Portuguese</label>
			<label index="lang_ru">Russian</label>
			<label index="lang_ro">Romanian</label>
			<label index="lang_ch">Chinese (Simpl)</label>
			<label index="lang_sk">Slovak</label>
			<label index="lang_lt">Lithuanian</label>
			<label index="lang_is">Icelandic</label>
			<label index="lang_hr">Croatian</label>
			<label index="lang_hu">Hungarian</label>
			<label index="lang_gl">Greenlandic</label>
			<label index="lang_th">Thai</label>
			<label index="lang_gr">Greek</label>
			<label index="lang_hk">Chinese (Trad)</label>
			<label index="lang_eu">Basque</label>
			<label index="lang_bg">Bulgarian</label>
			<label index="lang_br">Brazilian Portuguese</label>
			<label index="lang_et">Estonian</label>
			<label index="lang_ar">Arabic</label>
			<label index="lang_he">Hebrew</label>
			<label index="lang_ua">Ukrainian</label>
			<label index="lang_lv">Latvian</label>
			<label index="lang_jp">Japanese</label>
			<label index="lang_vn">Vietnamese</label>
			<label index="lang_ca">Catalan</label>
			<label index="lang_ba">Bosnian</label>
			<label index="lang_kr">Korean</label>
			<label index="default">Default</label>
			<label index="simulate">Simulate backend user</label>
			<label index="opening">Startup</label>
			<label index="personal_data">Personal data</label>
			<label index="showThumbs">Show Thumbnails by default</label>
			<label index="noMenuMode">Select navigation mode</label>
			<label index="noMenuMode_def">Left frame menu (default)</label>
			<label index="noMenuMode_sel">Selectorbox in top frame</label>
			<label index="noMenuMode_icons">Icons in top frame</label>
			<label index="startInTaskCenter">Start up in the module 'Task Center'</label>
			<label index="helpText">Show help text when applicable</label>
			<label index="maxTitleLen">Max. Title Length</label>
			<label index="edit_showFieldHelp">Context Sensitive Help mode</label>
			<label index="edit_showFieldHelp_icon">Display help icon only</label>
			<label index="edit_showFieldHelp_message">Display full text message</label>
			<label index="edit_wideDocument">Wide document background</label>
			<label index="edit_RTE">Enable Rich Text Editor (if available)</label>
			<label index="edit_docModuleUpload">File upload directly in Doc-module</label>
			<label index="edit_functions">Edit</label>
			<label index="disableCMlayers">Disable Popup Context Menus</label>
			<label index="setToStandard">Reset all Values to default</label>
			<label index="functions">Advanced functions</label>
			<label index="copyLevels">&lt;b&gt;Recursive Copy:&lt;/b&gt; Enter the number of page&lt;br /&gt;sublevels to include, when a page is copied</label>
			<label index="recursiveDelete">&lt;b&gt;Recursive Delete(!):&lt;/b&gt; Allow ALL subpages&lt;br /&gt;to be deleted when deleting a page</label>
			<label index="activateChanges">Notice! In order to activate most of these changes, please reload the backend (eg. logout and login again).</label>
			<label index="levels">levels</label>
			<label index="beUser_realName">Your name</label>
			<label index="save">Save Configuration</label>
			<label index="newPassword">New password</label>
			<label index="newPassword_ok">Password was updated.</label>
			<label index="newPassword_failed">Password was NOT updated because you didn't enter the same password twice.</label>
			<label index="lang_eo">Esperanto</label>
			<label index="lang_my">Bahasa Malaysia</label>
			<label index="lang_hi">Hindi</label>
			<label index="lang_fo">Faroese</label>
			<label index="lang_fa">Persian</label>
			<label index="lang_sr">Serbian</label>
			<label index="lang_sq">Albanian</label>
			<label index="lang_ge">Georgian</label>
			<label index="lang_ga">Galician</label>
			<label index="startModule">Start up in the following module</label>
			<label index="edit_showFieldHelp_none">Display no help information</label>
			<label index="setToStandardQuestion">Are you sure you want to reset all values to default?</label>
			<label index="adminFunctions">Admin functions</label>
			<label index="enableInstallTool.createFile">Create Install Tool Enable File</label>
			<label index="enableInstallTool.deleteFile">Delete Install Tool Enable File</label>
			<label index="enableInstallTool.headerTitle">Admin control for re-enabling Install Tool access</label>
			<label index="enableInstallTool.description">By clicking this button, a file typo3conf/ENABLE_INSTALL_TOOL is created (or removed if it already exists).&lt;br /&gt;It unlocks the access to the Install Tool (password is still needed!) and will be removed automatically after 1 hour.</label>
			<label index="enableFlashUploader">Enable Flash Uploader (requires Flash 9+)</label>
			<label index="resizeTextareas">Make Textareas resizable</label>
			<label index="resizeTextareas_MaxHeight">Maximal Height of resizable Textarea in Pixel</label>
			<label index="resizeTextareas_Flexible">Make Textareas flexible</label>
			<label index="editFunctionsTab">Edit &amp; Advanced functions</label>
			<label index="resetConfiguration">Reset Configuration and Clear Temporary Data</label>
			<label index="clearSessionVars">Clear Temporary Data</label>
			<label index="setupWasUpdated">User settings were updated.</label>
			<label index="enableInstallTool.label">Install Tool Access</label>
			<label index="clearSessionVarsQuestion">Are you sure you want to clear the temporary data?</label>
			<label index="tempDataCleared">Temporary data cleared</label>
			<label index="tempDataClearedFlashMessage">The temporary data has been cleared.</label>
			<label index="tempDataClearedLog">Temporary data cleared</label>
			<label index="enableInstallTool.file">Install Tool Enable file</label>
			<label index="enableInstallTool.fileCreate_ok">The Install Tool Enable file has been created.</label>
			<label index="enableInstallTool.fileCreate_failed">The Install Tool Enable file could not be created.</label>
			<label index="enableInstallTool.fileDelete_ok">The Install Tool Enable file has been deleted.</label>
			<label index="enableInstallTool.fileDelete_failed">The Install Tool Enable file could not be deleted!</label>
			<label index="debugInWindow">Display debug messages in a new browser window</label>
		</languageKey>
	</orig_text>
</T3locallangExt>