<?xml version="1.0" encoding="utf-8" standalone="yes" ?>
<T3locallangExt>
	<data type="array">
		<languageKey index="de" type="array">
			<label index="title">In Konflikt stehende Erweiterungen installiert</label>
			<label index="none">Keine</label>
			<label index="keys">Erweiterungsschlüssel:</label>
			<label index="uninstall">In Konflikt stehende Erweiterungen sollten deinstalliert werden, damit htmlArea RTE ordnungsgemäß funktioniert.</label>
		</languageKey>
	</data>
	<orig_hash type="array">
		<languageKey index="de" type="array">
			<label index="title" type="integer">188131339</label>
			<label index="none" type="integer">112064895</label>
			<label index="keys" type="integer">238149941</label>
			<label index="uninstall" type="integer">250445790</label>
		</languageKey>
	</orig_hash>
	<orig_text type="array">
		<languageKey index="de" type="array">
			<label index="title">Conflicting extensions installed</label>
			<label index="none">None</label>
			<label index="keys">Extension keys:</label>
			<label index="uninstall">Conflicting extensions should be uninstalled for htmlArea RTE to function correctly.</label>
		</languageKey>
	</orig_text>
</T3locallangExt>