<?xml version="1.0" encoding="utf-8" standalone="yes" ?>
<T3locallangExt>
	<data type="array">
		<languageKey index="de" type="array">
			<label index="No block">Kein Blockformat</label>
			<label index="Paragraph">Absatz</label>
			<label index="Heading 1">Überschrift 1</label>
			<label index="Heading 2">Überschrift 2</label>
			<label index="Heading 3">Überschrift 3</label>
			<label index="Heading 4">Überschrift 4</label>
			<label index="Heading 5">Überschrift 5</label>
			<label index="Heading 6">Überschrift 6</label>
			<label index="Preformatted">Vorformatiert</label>
			<label index="Long quotation">Zitat</label>
			<label index="Address">Adresse</label>
			<label index="Section">Behälter</label>
		</languageKey>
	</data>
	<orig_hash type="array">
		<languageKey index="de" type="array">
			<label index="No block" type="integer">99941788</label>
			<label index="Paragraph" type="integer">267055267</label>
			<label index="Heading 1" type="integer">265768972</label>
			<label index="Heading 2" type="integer">245733685</label>
			<label index="Heading 3" type="integer">106071630</label>
			<label index="Heading 4" type="integer">89382359</label>
			<label index="Heading 5" type="integer">146836969</label>
			<label index="Heading 6" type="integer">170177527</label>
			<label index="Preformatted" type="integer">189632771</label>
			<label index="Long quotation" type="integer">120591795</label>
			<label index="Address" type="integer">232242979</label>
			<label index="Section" type="integer">15148940</label>
		</languageKey>
	</orig_hash>
	<orig_text type="array">
		<languageKey index="de" type="array">
			<label index="No block">No block format</label>
			<label index="Paragraph">Paragraph</label>
			<label index="Heading 1">Heading 1</label>
			<label index="Heading 2">Heading 2</label>
			<label index="Heading 3">Heading 3</label>
			<label index="Heading 4">Heading 4</label>
			<label index="Heading 5">Heading 5</label>
			<label index="Heading 6">Heading 6</label>
			<label index="Preformatted">Preformatted</label>
			<label index="Long quotation">Quotation</label>
			<label index="Address">Address</label>
			<label index="Section">Container</label>
		</languageKey>
	</orig_text>
</T3locallangExt>