<?xml version="1.0" encoding="utf-8" standalone="yes" ?>
<T3locallangExt>
	<data type="array">
		<languageKey index="de" type="array">
			<label index="Please wait">Der Editor wird geladen. Bitte warten...</label>
			<label index="Normal">Normal</label>
			<label index="Heading 1">Überschrift 1</label>
			<label index="Heading 2">Überschrift 2</label>
			<label index="Heading 3">Überschrift 3</label>
			<label index="Heading 4">Überschrift 4</label>
			<label index="Heading 5">Überschrift 5</label>
			<label index="Heading 6">Überschrift 6</label>
			<label index="Preformatted">Vorformatiert</label>
			<label index="Address">Adresse</label>
			<label index="No font">Keine Schriftart</label>
			<label index="No size">Keine Schriftgröße</label>
		</languageKey>
	</data>
	<orig_hash type="array">
		<languageKey index="de" type="array">
			<label index="Please wait" type="integer">82508915</label>
			<label index="Normal" type="integer">157332556</label>
			<label index="Heading 1" type="integer">265768972</label>
			<label index="Heading 2" type="integer">245733685</label>
			<label index="Heading 3" type="integer">106071630</label>
			<label index="Heading 4" type="integer">89382359</label>
			<label index="Heading 5" type="integer">146836969</label>
			<label index="Heading 6" type="integer">170177527</label>
			<label index="Preformatted" type="integer">189632771</label>
			<label index="Address" type="integer">232242979</label>
			<label index="No font" type="integer">69479293</label>
			<label index="No size" type="integer">259700094</label>
		</languageKey>
	</orig_hash>
	<orig_text type="array">
		<languageKey index="de" type="array">
			<label index="Please wait">The editor is being loaded. Please wait...</label>
			<label index="Normal">Normal</label>
			<label index="Heading 1">Heading 1</label>
			<label index="Heading 2">Heading 2</label>
			<label index="Heading 3">Heading 3</label>
			<label index="Heading 4">Heading 4</label>
			<label index="Heading 5">Heading 5</label>
			<label index="Heading 6">Heading 6</label>
			<label index="Preformatted">Preformatted</label>
			<label index="Address">Address</label>
			<label index="No font">No font</label>
			<label index="No size">No font size</label>
		</languageKey>
	</orig_text>
</T3locallangExt>