<?xml version="1.0" encoding="utf-8" standalone="yes" ?>
<T3locallangExt>
	<data type="array">
		<languageKey index="de" type="array">
			<label index="tx_rtehtmlarea_acronym">Akronym</label>
			<label index="tx_rtehtmlarea_acronym.type">Typ</label>
			<label index="tx_rtehtmlarea_acronym.type.I.0">Akronym</label>
			<label index="tx_rtehtmlarea_acronym.type.I.1">Abkürzung</label>
			<label index="tx_rtehtmlarea_acronym.term">Begriff</label>
			<label index="tx_rtehtmlarea_acronym.acronym">Abgekürzte Form</label>
			<label index="tx_rtehtmlarea_acronym.static_lang_isocode">Sprache des Begriffs</label>
		</languageKey>
	</data>
	<orig_hash type="array">
		<languageKey index="de" type="array">
			<label index="tx_rtehtmlarea_acronym" type="integer">151597373</label>
			<label index="tx_rtehtmlarea_acronym.type" type="integer">169845367</label>
			<label index="tx_rtehtmlarea_acronym.type.I.0" type="integer">151597373</label>
			<label index="tx_rtehtmlarea_acronym.type.I.1" type="integer">190109069</label>
			<label index="tx_rtehtmlarea_acronym.term" type="integer">217445129</label>
			<label index="tx_rtehtmlarea_acronym.acronym" type="integer">75382622</label>
			<label index="tx_rtehtmlarea_acronym.static_lang_isocode" type="integer">10639650</label>
		</languageKey>
	</orig_hash>
	<orig_text type="array">
		<languageKey index="de" type="array">
			<label index="tx_rtehtmlarea_acronym">Acronym</label>
			<label index="tx_rtehtmlarea_acronym.type">Type</label>
			<label index="tx_rtehtmlarea_acronym.type.I.0">Acronym</label>
			<label index="tx_rtehtmlarea_acronym.type.I.1">Abbreviation</label>
			<label index="tx_rtehtmlarea_acronym.term">Term</label>
			<label index="tx_rtehtmlarea_acronym.acronym">Abridged form</label>
			<label index="tx_rtehtmlarea_acronym.static_lang_isocode">Language of term</label>
		</languageKey>
	</orig_text>
</T3locallangExt>